Date, Construction_Scale ,PersonCount_Basic,PersonCount_Intermediate,PersonCount_Advanced,Possibility of Completion,Completion_duratrion,No_of_days,Completion_date,Equipment1,Equipment2,Equipment3,Equipment4,Equipment5,Equipment6,Equipment7,Equipment8,Equipment9,Equipment10,Equipment11,Equipment12,Equipment13,Equipment14,Equipment15,Equipment16,Equipment17
4/3/2017,8543099,9,2,2,1,4/6/2017,3,4/6/2017,7,18,3,15,11,75,12,12,13,17,10,0,0,0,0,0,0
4/6/2017,28253500,3,5,2,1,4/10/2017,4,4/10/2017,3,7,18,15,11,16,9,77,12,12,12,76,17,10,71,0,0
4/10/2017,24961500,6,15,2,0,4/15/2017,5,4/15/2017,3,7,18,15,11,16,9,77,12,12,12,76,17,10,71,0,0
4/12/2017,18334300,2,5,1,1,4/16/2017,4,4/16/2017,3,7,18,15,11,16,9,77,12,12,12,76,17,10,71,0,0
4/14/2017,6725899,6,2,1,1,4/19/2017,5,4/19/2017,7,18,3,15,11,75,12,12,13,17,10,0,0,0,0,0,0
4/24/2017,8210599,8,3,1,1,4/28/2017,4,4/28/2017,7,18,3,15,11,75,12,12,13,17,10,0,0,0,0,0,0
4/28/2017,26577100,3,10,1,0,6/1/2017,34,6/1/2017,3,7,18,15,11,16,9,77,12,12,12,76,17,10,71,0,0
5/2/2017,28618950,7,15,5,0,5/7/2017,5,5/7/2017,3,7,18,15,11,16,9,77,12,12,12,76,17,10,71,0,0
5/4/2017,6092299,5,2,0,0,5/8/2017,4,5/8/2017,7,18,3,15,11,75,12,12,13,17,10,0,0,0,0,0,0
5/17/2017,5649799,5,3,0,0,5/20/2017,3,5/20/2017,7,18,3,15,11,75,12,12,13,17,10,0,0,0,0,0,0
5/19/2017,5453999,5,3,0,1,5/23/2017,4,5/23/2017,7,18,3,15,11,75,12,12,13,17,10,0,0,0,0,0,0
5/22/2017,5399299,5,3,0,0,5/27/2017,5,5/29/2017,7,18,3,15,11,75,12,12,13,17,10,0,0,0,0,0,0
5/31/2017,6245999,6,3,0,0,6/4/2017,4,6/6/2017,7,18,3,15,11,75,12,12,13,17,10,0,0,0,0,0,0
6/9/2017,4957400,4,3,0,0,6/23/2017,14,6/25/2017,7,18,3,15,11,75,12,12,13,17,10,0,0,0,0,0,0
6/20/2017,4506400,1,2,0,0,7/3/2017,13,7/5/2017,7,18,3,15,11,75,12,12,13,17,10,0,0,0,0,0,0
6/26/2017,5342400,5,3,0,0,7/1/2017,5,7/3/2017,7,18,3,15,11,75,12,12,13,17,10,0,0,0,0,0,0
7/10/2017,5978699,5,3,0,0,7/18/2017,8,7/20/2017,7,18,3,15,11,75,12,12,13,17,10,0,0,0,0,0,0
7/13/2017,6421999,6,3,0,0,7/21/2017,8,7/23/2017,7,18,3,15,11,75,12,12,13,17,10,0,0,0,0,0,0
7/21/2017,5881099,5,3,0,0,7/29/2017,8,7/29/2017,7,18,3,15,11,75,12,12,13,17,10,0,0,0,0,0,0
7/31/2017,5049199,3,2,0,1,8/8/2017,8,8/8/2017,7,18,3,15,11,75,12,12,13,17,10,0,0,0,0,0,0
8/3/2017,5817299,5,3,0,0,8/11/2017,8,8/11/2017,7,18,3,15,11,75,12,12,13,17,10,0,0,0,0,0,0
8/4/2017,6799299,6,3,0,1,8/13/2017,9,8/13/2017,7,18,3,15,11,75,12,12,13,17,10,0,0,0,0,0,0
8/30/2017,4365299,1,2,0,0,9/8/2017,9,9/8/2017,7,18,3,15,11,75,12,12,13,17,10,0,0,0,0,0,0
9/18/2017,4539099,1,2,0,1,9/27/2017,9,9/27/2017,7,18,3,15,11,75,12,12,13,17,10,0,0,0,0,0,0
9/27/2017,4858099,2,2,0,1,10/6/2017,9,10/6/2017,7,18,3,15,11,75,12,12,13,17,10,0,0,0,0,0,0
10/11/2017,4653199,2,2,0,0,10/20/2017,9,10/20/2017,7,18,3,15,11,75,12,12,13,17,10,0,0,0,0,0,0
10/17/2017,5288999,3,2,0,0,10/25/2017,8,10/25/2017,7,18,3,15,11,75,12,12,13,17,10,0,0,0,0,0,0
10/20/2017,4004199,1,2,0,0,10/31/2017,11,10/31/2017,7,18,3,15,11,75,12,12,13,17,10,0,0,0,0,0,0
11/6/2017,5306599,5,3,0,0,11/13/2017,7,11/13/2017,7,18,3,15,11,75,12,12,13,17,10,0,0,0,0,0,0
11/17/2017,5920399,5,3,0,0,11/29/2017,12,11/29/2017,7,18,3,15,11,75,12,12,13,17,10,0,0,0,0,0,0
11/27/2017,5954499,5,3,0,1,12/4/2017,7,12/4/2017,7,18,3,15,11,75,12,12,13,17,10,0,0,0,0,0,0
12/8/2017,5772999,5,3,0,0,12/14/2017,6,12/14/2017,7,18,3,15,11,75,12,12,13,17,10,0,0,0,0,0,0
12/19/2017,5781799,5,3,0,0,12/25/2017,6,12/25/2017,7,18,3,15,11,75,12,12,13,17,10,0,0,0,0,0,0
12/29/2017,6747599,6,3,0,0,1/4/2018,6,1/4/2018,7,18,3,15,11,75,12,12,13,17,10,0,0,0,0,0,0
1/5/2018,5788399,4,2,0,0,1/19/2018,14,1/19/2018,7,18,3,15,11,75,12,12,13,17,10,0,0,0,0,0,0
1/11/2018,6003999,5,2,0,1,1/16/2018,5,1/16/2018,7,18,3,15,11,75,12,12,13,17,10,0,0,0,0,0,0
1/22/2018,6553999,6,3,0,0,1/27/2018,5,1/27/2018,7,18,3,15,11,75,12,12,13,17,10,0,0,0,0,0,0
2/2/2018,8837899,10,2,3,0,2/18/2018,16,2/18/2018,7,18,3,15,11,75,12,12,13,17,10,0,0,0,0,0,0
2/8/2018,25354200,3,5,2,1,2/13/2018,5,2/13/2018,3,7,18,15,11,16,9,77,12,12,12,76,17,10,71,0,0
2/14/2018,26083500,5,12,3,0,2/26/2018,12,2/26/2018,3,7,18,15,11,16,9,77,12,12,12,76,17,10,71,0,0
2/28/2018,6153599,6,3,0,0,4/14/2018,45,4/14/2018,7,18,3,15,11,75,12,12,13,17,10,0,0,0,0,0,0
3/5/2018,9187399,9,3,2,1,3/19/2018,14,3/19/2018,7,18,3,15,11,75,12,12,13,17,10,0,0,0,0,0,0
3/9/2018,6712699,6,2,1,1,4/24/2018,46,4/24/2018,7,18,3,15,11,75,12,12,13,17,10,0,0,0,0,0,0
3/13/2018,25187800,2,10,0,0,3/16/2018,3,3/16/2018,3,7,18,15,11,16,9,77,12,12,12,76,17,10,71,0,0
3/22/2018,7890799,7,3,1,1,3/25/2018,3,3/25/2018,7,18,3,15,11,75,12,12,13,17,10,0,0,0,0,0,0
3/27/2018,26327700,3,10,1,1,4/12/2018,16,4/12/2018,3,7,18,15,11,16,9,77,12,12,12,76,17,10,71,0,0
4/2/2018,9284199,9,3,2,1,4/9/2018,7,4/9/2018,7,18,3,15,11,75,12,12,13,17,10,0,0,0,0,0,0
4/17/2018,7604499,7,3,1,1,4/18/2018,1,4/18/2018,7,18,3,15,11,75,12,12,13,17,10,0,0,0,0,0,0
4/30/2018,28155050,4,9,3,1,5/7/2018,7,5/7/2018,3,7,18,15,11,16,9,77,12,12,12,76,17,10,71,0,0
5/1/2018,26329300,2,9,1,0,5/4/2018,3,5/4/2018,3,7,18,15,11,16,9,77,12,12,12,76,17,10,71,0,0
5/4/2018,26234200,2,9,1,0,5/25/2018,21,5/25/2018,3,7,18,15,11,16,9,77,12,12,12,76,17,10,71,0,0
5/10/2018,7866599,8,3,1,0,5/18/2018,8,5/18/2018,7,18,3,15,11,75,12,12,13,17,10,0,0,0,0,0,0
5/14/2018,8251100,9,2,2,1,5/26/2018,12,5/26/2018,7,8,3,15,11,77,12,12,13,10,14,0,0,0,0,0,0
5/17/2018,8091600,9,2,2,1,5/29/2018,12,5/29/2018,7,8,3,15,11,77,12,12,13,10,14,0,0,0,0,0,0
5/23/2018,9562850,9,3,2,1,5/25/2018,2,5/25/2018,7,8,3,15,11,77,12,12,13,10,14,0,0,0,0,0,0
5/29/2018,8302800,9,2,2,1,6/19/2018,21,6/19/2018,7,8,3,15,11,77,12,12,13,10,14,0,0,0,0,0,0
6/1/2018,8761500,8,3,1,0,6/13/2018,12,6/13/2018,7,8,3,15,11,77,12,12,13,10,14,0,0,0,0,0,0
6/8/2018,9284550,9,3,2,0,6/22/2018,14,6/22/2018,7,8,3,15,11,77,12,12,13,10,14,0,0,0,0,0,0
6/12/2018,8877550,8,3,1,1,6/16/2018,4,6/16/2018,7,8,3,15,11,77,12,12,13,10,14,0,0,0,0,0,0
6/15/2018,9818050,9,3,2,0,6/20/2018,5,6/20/2018,7,8,3,15,11,77,12,12,13,10,14,0,0,0,0,0,0
6/20/2018,9449000,9,3,2,0,6/23/2018,3,6/23/2018,7,8,3,15,11,77,12,12,13,10,14,0,0,0,0,0,0
6/26/2018,9567250,9,3,2,1,6/29/2018,3,6/29/2018,7,8,3,15,11,77,12,12,13,10,14,0,0,0,0,0,0
7/3/2018,10627100,10,3,2,1,8/16/2018,44,8/16/2018,7,8,3,15,11,77,12,12,13,10,14,0,0,0,0,0,0
7/5/2018,1107600,11,3,3,1,8/4/2018,30,8/4/2018,7,8,3,15,11,77,12,12,13,10,14,0,0,0,0,0,0
7/10/2018,10852600,10,3,2,0,7/17/2018,7,7/17/2018,7,8,3,15,11,77,12,12,13,10,14,0,0,0,0,0,0
7/13/2018,11897600,11,3,3,1,8/5/2018,23,8/5/2018,7,8,3,15,11,77,12,12,13,10,14,0,0,0,0,0,0
7/31/2018,8532150,9,2,2,0,8/8/2018,8,8/8/2018,7,8,3,15,11,77,12,12,13,10,14,0,0,0,0,0,0
8/2/2018,26944200,3,10,1,0,8/9/2018,7,8/9/2018,3,7,18,15,11,16,9,77,12,12,12,76,17,10,71,0,0
8/8/2018,9272399,9,3,2,1,8/14/2018,6,8/14/2018,7,18,3,15,11,75,12,12,13,17,10,0,0,0,0,0,0
8/14/2018,22098750,2,10,0,0,8/20/2018,6,8/20/2018,3,7,18,15,11,16,9,77,12,12,12,76,17,10,71,0,0
8/24/2018,8042599,8,3,1,1,8/30/2018,6,8/30/2018,7,18,3,15,11,75,12,12,13,17,10,0,0,0,0,0,0
8/30/2018,7338599,7,2,1,0,9/4/2018,5,9/4/2018,7,18,3,15,11,75,12,12,13,17,10,0,0,0,0,0,0
9/11/2018,8011499,8,3,1,1,9/16/2018,5,9/16/2018,7,18,3,15,11,75,12,12,13,17,10,0,0,0,0,0,0
10/4/2018,7848500,8,2,2,1,10/9/2018,5,10/9/2018,7,8,3,15,11,77,12,12,13,10,14,0,0,0,0,0,0
10/24/2018,10028150,10,2,3,0,10/28/2018,4,10/28/2018,7,8,3,15,11,77,12,12,13,10,14,0,0,0,0,0,0
11/2/2018,5486999,3,2,0,0,11/6/2018,4,11/6/2018,7,18,3,15,11,75,12,12,13,17,10,0,0,0,0,0,0
11/6/2018,8185299,8,3,1,1,11/17/2018,11,11/17/2018,7,18,3,15,11,75,12,12,13,17,10,0,0,0,0,0,0
11/16/2018,5843399,4,2,0,0,11/28/2018,12,11/28/2018,7,18,3,15,11,75,12,12,13,17,10,0,0,0,0,0,0
12/4/2018,19489300,2,5,1,1,12/17/2018,13,12/17/2018,3,7,18,15,11,16,9,77,12,12,12,76,17,10,71,0,0
12/20/2018,11281050,11,3,3,1,1/3/2019,14,1/3/2019,7,8,3,15,11,77,12,12,13,10,14,0,0,0,0,0,0
1/3/2019,5257700,4,1,0,1,1/18/2019,15,1/18/2019,7,18,3,15,11,75,12,12,13,17,10,0,0,0,0,0,0
1/4/2019,5545900,4,1,0,1,1/20/2019,16,1/20/2019,7,18,3,15,11,75,12,12,13,17,10,0,0,0,0,0,0
1/8/2019,5626999,4,1,0,1,1/25/2019,17,1/25/2019,7,18,3,15,11,75,12,12,13,17,10,0,0,0,0,0,0
1/17/2019,6634599,6,2,1,0,2/4/2019,18,2/4/2019,7,18,3,15,11,75,12,12,13,17,10,0,0,0,0,0,0
1/29/2019,7213199,7,2,1,1,2/17/2019,19,2/17/2019,7,18,3,15,11,75,12,12,13,17,10,0,0,0,0,0,0
2/1/2019,6966799,6,2,1,1,2/21/2019,20,2/21/2019,7,18,3,15,11,75,12,12,13,17,10,0,0,0,0,0,0
2/8/2019,6975100,5,1,1,0,3/1/2019,21,3/1/2019,7,8,3,15,11,77,12,12,13,10,14,0,0,0,0,0,0
2/13/2019,7137350,6,1,2,1,3/7/2019,22,3/7/2019,7,8,3,15,11,77,12,12,13,10,14,0,0,0,0,0,0
2/26/2019,7950800,6,1,2,1,3/1/2019,3,3/1/2019,7,8,3,15,11,77,12,12,13,10,14,0,0,0,0,0,0
3/4/2019,4969500,3,1,0,0,3/24/2019,20,3/24/2019,7,18,3,15,11,75,12,12,13,17,10,0,0,0,0,0,0
3/8/2019,5014299,4,1,0,1,3/9/2019,1,3/9/2019,7,18,3,15,11,75,12,12,13,17,10,0,0,0,0,0,0
3/13/2019,6722100,5,1,1,0,4/5/2019,23,4/5/2019,7,8,3,15,11,77,12,12,13,10,14,0,0,0,0,0,0
3/20/2019,6909100,5,1,1,1,3/31/2019,11,3/31/2019,7,8,3,15,11,77,12,12,13,10,14,0,0,0,0,0,0
3/25/2019,6884350,5,1,1,0,4/6/2019,12,4/6/2019,7,8,3,15,11,77,12,12,13,10,14,0,0,0,0,0,0
4/1/2019,6118699,5,2,0,1,4/14/2019,13,4/14/2019,7,18,3,15,11,75,12,12,13,17,10,0,0,0,0,0,0
4/4/2019,6475099,5,2,0,0,4/19/2019,15,4/19/2019,7,18,3,15,11,75,12,12,13,17,10,0,0,0,0,0,0
4/10/2019,7998100,8,2,2,1,4/24/2019,14,4/24/2019,7,8,3,15,11,77,12,12,13,10,14,0,0,0,0,0,0
4/15/2019,7596050,7,2,1,0,4/28/2019,13,4/28/2019,7,8,3,15,11,77,12,12,13,10,14,0,0,0,0,0,0
4/26/2019,30613250,4,10,3,0,5/30/2019,34,5/30/2019,3,7,18,15,11,16,9,77,12,12,12,76,17,10,71,0,0
5/2/2019,7417850,7,2,1,0,5/23/2019,21,5/23/2019,7,8,3,15,11,77,12,12,13,10,14,0,0,0,0,0,0
5/9/2019,7839150,8,2,2,0,5/25/2019,16,5/25/2019,7,8,3,15,11,77,12,12,13,10,14,0,0,0,0,0,0
5/15/2019,9350199,9,3,2,0,7/19/2019,65,7/19/2019,7,18,3,15,11,75,12,12,13,17,10,0,0,0,0,0,0
5/21/2019,26328250,3,5,2,1,7/21/2019,61,7/21/2019,3,7,18,15,11,16,9,77,12,12,12,76,17,10,71,0,0
5/31/2019,23947850,2,10,0,1,6/6/2019,6,6/6/2019,3,7,18,15,11,16,9,77,12,12,12,76,17,10,71,0,0
6/4/2019,7069099,7,2,1,1,6/11/2019,7,6/11/2019,7,18,3,15,11,75,12,12,13,17,10,0,0,0,0,0,0
6/7/2019,6776499,6,2,1,1,7/14/2019,37,7/14/2019,7,18,3,15,11,75,12,12,13,17,10,0,0,0,0,0,0
6/11/2019,7805600,6,2,1,0,7/3/2019,22,7/3/2019,7,8,3,15,11,77,12,12,13,10,14,0,0,0,0,0,0
6/20/2019,8630600,10,2,3,0,7/1/2019,11,7/1/2019,7,8,3,15,11,77,12,12,13,10,14,0,0,0,0,0,0
6/27/2019,6869500,6,1,1,1,7/5/2019,8,7/5/2019,7,8,3,15,11,77,12,12,13,10,14,0,0,0,0,0,0
7/1/2019,27461200,3,10,2,0,7/16/2019,15,7/16/2019,3,7,18,15,11,16,9,77,12,12,12,76,17,10,71,0,0
7/3/2019,6797399,6,2,1,0,7/8/2019,5,7/8/2019,7,18,3,15,11,75,12,12,13,17,10,0,0,0,0,0,0
7/9/2019,6606439,6,2,1,1,7/22/2019,13,7/22/2019,7,18,3,15,11,75,12,12,13,17,10,0,0,0,0,0,0
7/18/2019,7053750,4,1,0,1,8/9/2019,22,8/9/2019,7,8,3,15,11,77,12,12,13,10,14,0,0,0,0,0,0
7/19/2019,8164750,9,2,2,0,10/5/2019,78,10/5/2019,7,8,3,15,11,77,12,12,13,10,14,0,0,0,0,0,0
8/1/2019,26787450,7,15,4,1,9/26/2019,56,9/26/2019,3,7,18,15,11,16,9,77,12,12,12,76,17,10,71,0,0
8/6/2019,8019199,8,3,1,1,10/12/2019,67,10/12/2019,7,18,3,15,11,75,12,12,13,17,10,0,0,0,0,0,0
8/8/2019,7344099,7,2,1,1,10/3/2019,56,10/3/2019,7,18,3,15,11,75,12,12,13,17,10,0,0,0,0,0,0
8/14/2019,5490900,4,1,0,1,9/3/2019,20,9/3/2019,7,18,3,15,11,75,12,12,13,17,10,0,0,0,0,0,0
8/19/2019,5561300,5,1,0,0,9/22/2019,34,9/22/2019,7,18,3,15,11,75,12,12,13,17,10,0,0,0,0,0,0
8/20/2019,6991600,6,1,1,0,8/25/2019,5,8/25/2019,7,8,3,15,11,77,12,12,13,10,14,0,0,0,0,0,0
8/29/2019,7976100,8,2,2,0,10/13/2019,45,10/13/2019,7,8,3,15,11,77,12,12,13,10,14,0,0,0,0,0,0
9/3/2019,24084500,1,9,0,1,10/7/2019,34,10/7/2019,3,7,18,15,11,16,9,77,12,12,12,76,17,10,71,0,0
9/6/2019,8146600,9,2,2,0,9/11/2019,5,9/11/2019,7,8,3,15,11,77,12,12,13,10,14,0,0,0,0,0,0
9/9/2019,8269800,9,2,2,1,9/22/2019,13,9/22/2019,7,8,3,15,11,77,12,12,13,10,14,0,0,0,0,0,0
9/18/2019,7166500,6,1,2,0,10/2/2019,14,10/2/2019,7,8,3,15,11,77,12,12,13,10,14,0,0,0,0,0,0
9/19/2019,7669750,6,1,2,1,10/4/2019,15,10/4/2019,7,8,3,15,11,77,12,12,13,10,14,0,0,0,0,0,0
9/30/2019,5640500,4,1,0,0,10/16/2019,16,10/16/2019,7,18,3,15,11,75,12,12,13,17,10,0,0,0,0,0,0
10/1/2019,8486500,9,2,2,0,10/12/2019,11,10/12/2019,7,8,3,15,11,77,12,12,13,10,14,0,0,0,0,0,0
10/8/2019,7276500,6,1,2,0,10/20/2019,12,10/20/2019,7,8,3,15,11,77,12,12,13,10,14,0,0,0,0,0,0
10/16/2019,6591750,5,1,0,1,10/29/2019,13,10/27/2019,7,8,3,15,11,77,12,12,13,10,14,0,0,0,0,0,0
11/4/2019,23971200,2,10,0,1,12/8/2019,34,12/6/2019,3,7,18,15,11,16,9,77,12,12,12,76,17,10,71,0,0
11/7/2019,6781500,5,1,1,1,11/22/2019,15,11/20/2019,7,8,3,15,11,77,12,12,13,10,14,0,0,0,0,0,0
11/12/2019,7412350,6,1,2,1,11/28/2019,16,11/26/2019,7,8,3,15,11,77,12,12,13,10,14,0,0,0,0,0,0
11/20/2019,9843350,11,2,3,1,12/7/2019,17,12/5/2019,7,8,3,15,11,77,12,12,13,10,14,0,0,0,0,0,0
11/22/2019,9224600,11,2,3,0,12/10/2019,18,12/10/2019,7,8,3,15,11,77,12,12,13,10,14,0,0,0,0,0,0
12/5/2019,6683300,5,1,1,0,12/24/2019,19,12/24/2019,7,18,3,15,11,75,12,12,13,17,10,0,0,0,0,0,0
12/11/2019,9438550,11,2,3,1,12/31/2019,20,12/31/2019,7,8,3,15,11,77,12,12,13,10,14,0,0,0,0,0,0
12/17/2019,8984250,10,2,3,1,12/22/2019,5,12/22/2019,7,8,3,15,11,77,12,12,13,10,14,0,0,0,0,0,0
12/30/2019,10463750,10,3,2,1,1/5/2020,6,1/5/2020,7,8,3,15,11,77,12,12,13,10,14,0,0,0,0,0,0
1/13/2020,7470299,7,3,1,0,1/20/2020,7,1/20/2020,7,18,3,15,11,75,12,12,13,17,10,0,0,0,0,0,0
1/21/2020,27058350,3,9,2,1,3/2/2020,41,3/2/2020,3,7,18,15,11,16,9,77,12,12,12,76,17,10,71,0,0
1/22/2020,26332350,3,10,1,1,3/4/2020,42,3/4/2020,3,7,18,15,11,16,9,77,12,12,12,76,17,10,71,0,0
1/27/2020,27032200,3,10,2,1,3/10/2020,43,3/10/2020,3,7,18,15,11,16,9,77,12,12,12,76,17,10,71,0,0
2/3/2020,7924599,7,3,1,0,2/14/2020,11,2/14/2020,7,18,3,15,11,75,12,12,13,17,10,0,0,0,0,0,0
2/4/2020,29071600,7,15,6,0,3/20/2020,45,3/20/2020,3,7,18,15,11,16,9,77,12,12,12,76,17,10,71,0,0
2/5/2020,28607700,3,10,2,0,3/22/2020,46,3/22/2020,3,7,18,15,11,16,9,77,12,12,12,76,17,10,71,0,0
2/6/2020,25299750,3,5,2,1,3/24/2020,47,3/24/2020,3,7,18,15,11,16,9,77,12,12,12,76,17,10,71,0,0
2/7/2020,26153300,3,10,1,0,3/26/2020,48,3/26/2020,3,7,18,15,11,16,9,77,12,12,12,76,17,10,71,0,0
2/10/2020,9586699,9,3,2,1,2/22/2020,12,2/22/2020,7,18,3,15,11,75,12,12,13,17,10,0,0,0,0,0,0
2/11/2020,9252299,9,3,2,0,2/24/2020,13,2/24/2020,7,18,3,15,11,75,12,12,13,17,10,0,0,0,0,0,0
2/12/2020,8055499,8,3,1,0,2/26/2020,14,2/26/2020,7,18,3,15,11,75,12,12,13,17,10,0,0,0,0,0,0
2/20/2020,8372599,9,2,2,0,3/6/2020,15,3/6/2020,7,18,3,15,11,75,12,12,13,17,10,0,0,0,0,0,0
2/21/2020,24738200,6,15,2,0,3/12/2020,20,3/12/2020,3,7,18,15,11,16,9,77,12,12,12,76,17,10,71,0,0
2/24/2020,6700599,6,2,1,0,3/1/2020,6,3/1/2020,7,18,3,15,11,75,12,12,13,17,10,0,0,0,0,0,0
3/2/2020,7800599,7,3,1,1,3/10/2020,8,3/10/2020,7,18,3,15,11,75,12,12,13,17,10,0,0,0,0,0,0
3/6/2020,8034599,8,3,1,0,3/15/2020,9,3/15/2020,7,18,3,15,11,75,12,12,13,17,10,0,0,0,0,0,0
3/9/2020,25887150,3,5,2,0,3/30/2020,21,3/30/2020,3,7,18,15,11,16,9,77,12,12,12,76,17,10,71,0,0
3/10/2020,25407500,2,10,0,1,3/31/2020,21,3/31/2020,3,7,18,15,11,16,9,77,12,12,12,76,17,10,71,0,0
3/11/2020,7322099,7,2,1,1,3/15/2020,4,3/15/2020,7,18,3,15,11,75,12,12,13,17,10,0,0,0,0,0,0
3/12/2020,8018099,8,3,1,1,3/15/2020,3,3/15/2020,7,18,3,15,11,75,12,12,13,17,10,0,0,0,0,0,0
3/18/2020,24578700,6,15,2,1,3/22/2020,4,3/22/2020,3,7,18,15,11,16,9,77,12,12,12,76,17,10,71,0,0
3/23/2020,6769899,6,2,1,0,3/28/2020,5,3/28/2020,7,18,3,15,11,75,12,12,13,17,10,0,0,0,0,0,0
3/24/2020,35821500,5,10,4,1,3/28/2020,4,3/28/2020,3,7,18,15,11,16,9,77,12,12,12,76,17,10,71,0,0
3/27/2020,21235550,3,5,2,0,5/22/2020,56,5/22/2020,3,7,18,15,11,16,9,77,12,12,12,76,17,10,71,0,0
3/30/2020,21983500,3,5,2,1,4/3/2020,4,4/3/2020,3,7,18,15,11,16,9,77,12,12,12,76,17,10,71,0,0
4/1/2020,8632199,10,2,3,0,5/27/2020,56,5/27/2020,7,18,3,15,11,75,12,12,13,17,10,0,0,0,0,0,0
4/3/2020,7551699,7,3,1,1,4/8/2020,5,4/8/2020,7,18,3,15,11,75,12,12,13,17,10,0,0,0,0,0,0
4/7/2020,8834599,10,2,3,1,4/13/2020,6,4/13/2020,7,18,3,15,11,75,12,12,13,17,10,0,0,0,0,0,0
4/9/2020,7771699,7,3,1,0,6/4/2020,56,6/4/2020,7,18,3,15,11,75,12,12,13,17,10,0,0,0,0,0,0
4/10/2020,6833699,6,2,1,1,4/15/2020,5,4/15/2020,7,18,3,15,11,75,12,12,13,17,10,0,0,0,0,0,0
4/13/2020,7932299,7,3,1,0,4/17/2020,4,4/17/2020,7,18,3,15,11,75,12,12,13,17,10,0,0,0,0,0,0
4/14/2020,32290250,4,5,3,0,4/19/2020,5,4/19/2020,3,7,18,15,11,16,9,77,12,12,12,76,17,10,71,0,0
4/15/2020,8262299,8,3,1,0,4/21/2020,6,4/21/2020,7,18,3,15,11,75,12,12,13,17,10,0,0,0,0,0,0
4/20/2020,26964850,2,9,1,0,5/21/2020,31,5/21/2020,3,7,18,15,11,16,9,77,12,12,12,76,17,10,71,0,0
4/21/2020,25704550,6,15,3,1,10/28/2018,5,10/28/2018,3,7,18,15,11,16,9,77,12,12,12,76,17,10,71,0,0
4/22/2020,22577800,2,10,0,0,4/25/2020,3,4/25/2020,3,7,18,15,11,16,9,77,12,12,12,76,17,10,71,0,0
4/23/2020,25985050,3,10,0,1,4/27/2020,4,4/27/2020,3,7,18,15,11,16,9,77,12,12,12,76,17,10,71,0,0
4/28/2020,21505300,3,5,2,0,5/4/2020,6,5/4/2020,3,7,18,15,11,16,9,77,12,12,12,76,17,10,71,0,0
4/29/2020,25008750,3,5,2,1,5/6/2020,7,5/6/2020,3,7,18,15,11,16,9,77,12,12,12,76,17,10,71,0,0
5/7/2020,7967499,7,3,1,0,5/14/2020,7,5/14/2020,7,18,3,15,11,75,12,12,13,17,10,0,0,0,0,0,0
5/8/2020,23375850,6,15,1,0,5/14/2020,6,5/13/2020,3,7,18,15,11,16,9,77,12,12,12,76,17,10,71,0,0
5/11/2020,27331950,7,15,4,0,6/21/2020,41,6/21/2020,3,7,18,15,11,16,9,77,12,12,12,76,17,10,71,0,0
5/12/2020,28163550,7,15,5,1,7/12/2020,61,7/12/2020,3,7,18,15,11,16,9,77,12,12,12,76,17,10,71,0,0
5/14/2020,9705799,9,3,2,1,5/18/2020,4,5/18/2020,7,18,3,15,11,75,12,12,13,17,10,0,0,0,0,0,0
5/22/2020,7530799,7,3,1,0,6/8/2020,17,6/8/2020,7,18,3,15,11,75,12,12,13,17,10,0,0,0,0,0,0
5/25/2020,9422799,9,3,2,0,6/8/2020,14,6/8/2020,7,18,3,15,11,75,12,12,13,17,10,0,0,0,0,0,0
6/15/2020,7635599,7,3,1,0,7/19/2020,34,7/19/2020,7,18,3,15,11,75,12,12,13,17,10,0,0,0,0,0,0
6/23/2020,9230599,9,3,2,0,6/28/2020,5,6/28/2020,7,18,3,15,11,75,12,12,13,17,10,0,0,0,0,0,0
7/1/2020,5323700,4,1,0,1,8/15/2020,45,8/15/2020,7,18,3,15,11,75,12,12,13,17,10,0,0,0,0,0,0
7/2/2020,37592750,5,10,4,0,7/5/2020,3,7/5/2020,3,7,18,15,11,16,9,77,12,12,12,76,17,10,71,0,0
7/3/2020,7800299,7,3,1,1,7/16/2020,13,7/16/2020,7,18,3,15,11,75,12,12,13,17,10,0,0,0,0,0,0
7/7/2020,27505500,3,5,2,0,8/10/2020,34,8/10/2020,3,7,18,15,11,16,9,77,12,12,12,76,17,10,71,0,0
7/9/2020,9553699,9,3,2,0,7/21/2020,12,7/21/2020,7,18,3,15,11,75,12,12,13,17,10,0,0,0,0,0,0
7/13/2020,7600700,6,1,2,0,8/16/2020,34,8/16/2020,7,18,3,15,11,75,12,12,13,17,10,0,0,0,0,0,0
7/27/2020,24797550,2,10,0,0,8/1/2020,5,8/1/2020,3,7,18,15,11,16,9,77,12,12,12,76,17,10,71,0,0
8/3/2020,25908850,2,10,0,0,8/7/2020,4,8/7/2020,3,7,18,15,11,16,9,77,12,12,12,76,17,10,71,0,0
8/4/2020,7832199,7,3,1,0,8/9/2020,5,8/9/2020,7,18,3,15,11,75,12,12,13,17,10,0,0,0,0,0,0
8/12/2020,6084900,5,1,0,1,9/4/2020,23,9/4/2020,7,18,3,15,11,75,12,12,13,17,10,0,0,0,0,0,0
8/13/2020,9568299,9,3,2,0,8/18/2020,5,8/18/2020,7,18,3,15,11,75,12,12,13,17,10,0,0,0,0,0,0
8/28/2020,6878799,6,2,1,1,9/3/2020,6,9/3/2020,7,18,3,15,11,75,12,12,13,17,10,0,0,0,0,0,0
4/3/2017,35797300,5,4,1,1,6/9/2017,67,6/9/2017,3,26,49,28,29,15,11,16,24,77,12,12,12,13,17,10,0
4/7/2017,22333300,6,5,1,0,4/12/2017,5,4/12/2017,7,3,18,15,16,11,9,12,12,12,13,17,10,0,0,0,0
4/10/2017,26851000,6,5,1,0,6/17/2017,68,6/17/2017,7,3,18,15,16,11,9,12,12,13,17,0,0,0,0,0,0
4/11/2017,24519000,4,4,0,1,5/25/2017,44,5/25/2017,3,26,49,28,29,15,16,24,12,12,13,17,10,0,0,0,0
4/12/2017,33547800,5,4,1,0,6/29/2017,78,6/29/2017,3,26,49,28,29,15,11,16,24,77,12,12,12,13,17,10,0
5/10/2017,13759200,5,5,0,0,7/25/2017,76,7/25/2017,7,3,8,78,16,15,77,82,12,12,12,76,10,68,0,0,0
5/11/2017,13347800,5,5,0,0,6/24/2017,44,6/24/2017,7,3,8,78,16,15,77,82,12,12,12,76,10,68,0,0,0
5/12/2017,23245200,3,6,0,1,5/19/2017,7,5/19/2017,7,3,18,15,24,16,11,77,12,12,12,13,17,10,0,0,0
5/24/2017,28855750,4,6,1,1,7/19/2017,56,7/19/2017,3,7,8,15,15,11,75,12,12,13,17,10,0,0,0,0,0
5/25/2017,24068000,3,6,0,0,7/8/2017,44,7/8/2017,3,7,8,15,15,16,11,75,12,12,12,13,17,10,0,0,0
5/26/2017,34612600,7,5,2,0,7/6/2017,41,7/6/2017,7,3,8,15,15,15,15,15,15,15,15,15,15,15,15,71,0
6/13/2017,7655000,6,5,0,0,8/8/2017,56,8/8/2017,7,3,8,69,24,16,11,77,12,12,13,17,86,50,10,0,0
6/14/2017,38164500,7,5,2,0,6/17/2017,3,6/17/2017,7,3,8,69,24,16,11,77,12,12,13,17,86,50,10,0,0
6/15/2017,36393000,7,5,2,1,7/30/2017,45,7/30/2017,7,3,18,69,24,16,11,77,12,12,12,13,17,86,50,10,0
6/16/2017,19346800,3,4,0,1,6/29/2017,13,6/29/2017,3,26,49,28,29,15,11,16,24,77,12,12,12,13,17,10,0
7/11/2017,35623500,5,4,1,0,7/23/2017,12,7/23/2017,3,7,8,15,11,16,24,77,12,12,12,13,17,10,88,0,0
7/12/2017,25081000,6,5,1,1,9/30/2017,80,9/30/2017,7,3,8,19,39,21,22,75,12,12,12,13,10,0,0,0,0
7/13/2017,33060500,5,4,1,0,8/4/2017,22,8/4/2017,3,7,8,15,11,16,24,77,12,12,12,13,17,10,88,0,0
7/14/2017,32945000,7,5,2,0,8/18/2017,35,8/18/2017,7,3,8,69,24,16,11,77,12,12,13,17,86,50,10,88,0
8/23/2017,17700000,5,5,0,0,10/2/2017,40,10/2/2017,7,3,8,19,39,21,22,75,12,12,12,13,10,0,0,0,0
8/24/2017,21032000,4,4,0,0,9/10/2017,17,9/10/2017,3,26,8,15,11,16,24,77,12,12,13,17,0,0,0,0,0
8/25/2017,35566300,5,4,1,0,9/24/2017,30,9/24/2017,3,26,49,28,29,15,11,16,24,77,12,12,12,13,17,10,0
9/19/2017,29956300,4,4,0,1,10/28/2017,39,10/28/2017,3,26,49,28,29,15,11,16,24,77,12,12,12,13,17,10,0
9/20/2017,17321700,3,4,0,0,9/26/2017,6,9/26/2017,7,3,8,15,11,16,15,77,12,12,13,50,17,0,0,0,0
9/21/2017,20517200,6,5,1,0,9/26/2017,5,9/26/2017,7,3,18,15,24,16,11,77,12,12,12,13,17,10,0,0,0
10/12/2017,29732500,6,5,1,0,10/18/2017,6,10/18/2017,7,3,18,69,24,16,11,77,12,12,12,13,17,86,50,10,0
10/13/2017,23688500,5,4,1,1,10/17/2017,4,10/17/2017,3,26,49,29,15,11,16,24,77,12,13,17,10,0,0,0,0
11/17/2017,29727500,5,4,1,0,1/12/2018,56,1/12/2018,3,7,8,15,11,16,24,77,12,12,12,13,17,10,0,0,0
12/21/2017,22813450,5,4,1,1,1/24/2018,34,1/24/2018,3,26,49,28,29,15,11,16,24,77,12,12,12,13,17,10,0
12/22/2017,20253750,4,2,0,1,12/27/2017,5,12/27/2017,7,8,15,24,11,77,12,12,13,17,10,50,0,0,0,0,0
1/2/2018,18826500,5,5,0,0,1/6/2018,4,1/6/2018,7,3,8,69,24,16,11,77,12,12,13,17,86,50,10,0,0
1/3/2018,15945600,5,5,0,0,2/10/2018,38,2/10/2018,7,3,8,69,24,16,11,77,12,12,13,17,86,50,10,0,0
1/4/2018,24816000,3,6,0,1,2/11/2018,38,2/11/2018,3,7,8,15,15,16,11,75,12,12,12,13,0,0,0,0,0
1/5/2018,16530250,3,4,0,1,3/12/2018,66,3/12/2018,3,26,49,8,15,11,16,24,77,12,13,17,10,0,0,0,0
1/15/2018,25693250,3,6,0,0,3/22/2018,66,3/22/2018,3,7,8,15,15,11,12,12,12,13,17,10,0,0,0,0,0
1/16/2018,16051200,5,5,0,1,1/22/2018,6,1/22/2018,7,3,18,15,24,16,11,77,12,12,12,13,17,10,0,0,0
1/17/2018,27353700,4,6,1,1,4/4/2018,77,4/4/2018,3,7,8,15,15,16,12,12,12,13,0,0,0,0,0,0,0
1/18/2018,25036000,6,5,1,0,1/25/2018,7,1/25/2018,7,3,8,69,24,16,11,77,12,12,13,17,86,50,10,0,0
1/19/2018,18203900,3,4,0,1,1/25/2018,6,1/25/2018,3,26,49,8,15,11,16,24,77,12,12,13,17,10,0,0,0
2/5/2018,19013500,3,4,0,0,4/29/2018,83,4/29/2018,3,7,8,15,11,16,24,77,12,12,12,13,17,10,0,0,0
2/6/2018,23313800,6,5,1,1,4/12/2018,65,4/12/2018,7,3,8,78,16,15,77,82,12,12,12,76,10,87,68,0,0
2/7/2018,22947100,5,4,1,1,2/15/2018,8,2/15/2018,7,3,8,15,11,16,15,77,12,12,13,50,17,0,0,0,0
2/8/2018,17577500,5,5,0,0,3/10/2018,30,3/10/2018,7,3,18,69,24,16,11,77,12,12,12,13,17,86,50,10,0
2/9/2018,12327700,3,4,0,0,2/13/2018,4,2/13/2018,3,7,8,15,11,16,24,77,12,12,12,13,17,10,0,0,0
2/19/2018,14598000,5,5,0,1,2/25/2018,6,2/25/2018,7,3,8,19,39,21,22,75,12,12,12,13,10,0,0,0,0
2/20/2018,32801500,7,5,2,0,5/14/2018,83,5/14/2018,7,3,18,69,24,16,11,77,12,12,12,13,17,86,50,10,0
2/21/2018,18249000,5,5,0,0,2/26/2018,5,2/26/2018,7,3,28,15,11,16,9,77,12,12,12,13,17,10,88,85,0
2/22/2018,27923500,4,4,0,0,3/27/2018,33,3/27/2018,3,26,49,29,15,11,16,24,77,12,13,17,10,0,0,0,0
2/23/2018,21032000,4,4,0,1,3/28/2018,33,3/28/2018,3,26,8,15,11,16,24,77,12,12,13,17,0,0,0,0,0
3/5/2018,24136200,6,5,1,0,4/27/2018,53,4/27/2018,7,3,18,15,24,16,11,77,12,12,12,13,17,10,0,0,0
3/6/2018,16544000,3,4,0,1,3/11/2018,5,3/11/2018,7,49,18,15,11,16,9,77,12,12,12,13,50,17,10,0,0
3/7/2018,12327700,3,4,0,0,4/17/2018,41,4/17/2018,3,7,8,15,11,16,24,77,12,12,12,13,17,10,0,0,0
3/8/2018,22341000,3,6,0,0,3/30/2018,22,3/30/2018,3,7,8,15,15,16,11,75,12,12,12,13,0,0,0,0,0
3/19/2018,16171000,5,5,0,1,4/11/2018,23,4/11/2018,7,3,8,19,39,21,22,75,12,12,12,13,10,87,0,0,0
3/20/2018,27362000,6,5,1,1,4/10/2018,21,4/10/2018,7,3,18,69,24,16,11,77,12,12,12,13,17,86,50,10,0
4/16/2018,21884500,3,6,0,1,4/19/2018,3,4/19/2018,3,7,8,15,16,11,75,12,13,17,10,0,0,0,0,0,0
4/17/2018,20862600,4,4,0,0,4/20/2018,3,4/20/2018,3,26,8,15,11,16,24,12,12,13,17,10,0,0,0,0,0
4/18/2018,35665300,5,4,1,1,4/22/2018,4,4/22/2018,3,26,49,28,29,15,11,16,24,77,12,12,12,13,17,10,0
4/19/2018,30267600,7,5,2,0,4/24/2018,5,4/24/2018,7,3,8,15,11,16,9,77,12,12,12,13,17,10,71,0,0
4/20/2018,33189750,5,4,1,1,4/25/2018,5,4/25/2018,3,26,8,15,11,16,24,77,12,12,13,17,88,0,0,0,0
5/21/2018,32054000,7,5,2,0,8/4/2018,75,8/4/2018,7,3,8,15,11,16,9,77,12,12,12,13,17,10,88,71,0
5/23/2018,18077400,2,6,0,0,6/17/2018,25,6/17/2018,3,7,8,15,15,16,11,75,12,12,12,13,17,10,88,0,0
5/24/2018,21557250,3,6,0,1,6/17/2018,24,6/17/2018,3,7,8,15,15,11,75,12,12,12,13,17,10,88,0,0,0
5/25/2018,23740200,6,5,1,0,8/11/2018,78,8/11/2018,7,3,18,15,24,16,11,77,12,12,12,13,17,10,88,0,0
6/18/2018,40265500,8,5,3,0,9/15/2018,89,9/15/2018,7,3,8,69,24,16,11,77,12,12,13,17,86,50,10,0,0
6/19/2018,35304000,7,5,2,0,6/28/2018,9,6/28/2018,7,3,18,69,24,16,11,77,12,12,12,13,17,86,50,10,0
6/20/2018,13347800,5,5,0,0,6/28/2018,8,6/28/2018,7,3,8,78,16,15,77,82,12,12,12,76,10,68,0,0,0
7/16/2018,20948800,6,5,1,0,7/16/2018,0,7/16/2018,7,3,8,78,16,15,77,82,12,12,12,76,10,68,0,0,0
7/17/2018,20935750,4,4,0,1,7/25/2018,8,7/25/2018,3,49,8,15,11,16,24,77,12,13,17,10,0,0,0,0,0
7/18/2018,20144300,4,4,0,0,7/25/2018,7,7/25/2018,3,26,49,29,15,16,24,77,12,12,12,13,17,10,0,0,0
7/19/2018,16996000,5,5,0,0,7/26/2018,7,7/26/2018,7,3,8,19,39,21,22,75,12,12,12,13,10,0,0,0,0
8/7/2018,18353500,3,4,0,1,8/15/2018,8,8/15/2018,3,7,8,15,11,16,24,77,12,12,12,13,17,10,88,0,0
8/8/2018,28440500,4,4,0,0,10/14/2018,67,10/16/2018,3,26,49,28,29,15,16,24,12,13,17,10,0,0,0,0,0
8/9/2018,20696500,4,4,0,0,8/31/2018,22,9/2/2018,7,3,8,15,11,16,15,77,12,12,13,50,17,0,0,0,0
10/16/2018,26021600,6,5,1,0,11/8/2018,23,11/10/2018,7,3,8,15,15,15,15,15,15,15,15,15,15,15,15,71,0
10/17/2018,21675000,6,5,1,0,11/11/2018,25,11/13/2018,7,3,18,69,24,16,11,77,12,12,12,13,17,86,50,10,0
11/14/2018,32882300,5,4,1,1,12/1/2018,17,12/1/2018,3,26,49,28,29,15,11,16,24,77,12,12,12,13,17,10,0
11/15/2018,26086500,4,4,0,0,1/14/2019,60,1/14/2019,7,3,8,15,11,16,15,77,12,12,13,50,17,0,0,0,0
11/16/2018,10289400,3,4,0,0,12/26/2018,40,12/26/2018,7,3,8,15,11,16,15,77,12,12,12,13,50,17,10,0,0
12/18/2018,24322000,6,5,1,0,1/17/2019,30,1/17/2019,7,3,8,19,39,21,22,75,12,12,12,13,10,0,0,0,0
12/19/2018,17844200,5,5,0,1,1/10/2019,22,1/10/2019,7,3,18,15,24,16,11,77,12,12,12,13,17,10,0,0,0
1/3/2019,35665300,5,4,1,1,1/15/2019,12,1/15/2019,3,26,49,28,29,15,11,16,24,77,12,12,12,13,17,10,0
1/4/2019,26804800,4,4,0,1,1/25/2019,21,1/25/2019,3,26,49,28,29,15,11,16,24,77,12,12,12,17,0,0,0
1/7/2019,17369000,3,2,0,0,1/21/2019,14,1/21/2019,7,8,15,16,24,11,77,12,12,13,17,10,50,0,0,0,0
1/8/2019,17170450,2,6,0,0,2/9/2019,32,2/9/2019,3,7,8,15,15,16,11,75,12,12,12,13,17,10,0,0,0
1/11/2019,24950200,4,4,0,0,2/19/2019,39,2/19/2019,3,26,49,8,15,11,16,24,77,12,12,13,17,0,0,0,0
1/21/2019,37169000,7,5,2,0,2/23/2019,33,2/23/2019,7,3,8,69,24,16,11,77,12,12,13,17,86,50,10,0,0
1/22/2019,34540000,7,5,2,0,2/27/2019,36,2/27/2019,7,3,8,69,24,16,11,77,12,12,13,17,86,50,10,0,0
2/7/2019,21964800,4,4,0,0,2/16/2019,9,2/16/2019,3,26,49,29,16,24,77,12,12,12,13,17,10,0,0,0,0
2/8/2019,21098000,4,4,0,0,3/2/2019,22,3/2/2019,3,26,49,28,29,15,11,16,24,77,12,12,13,17,0,0,0
2/18/2019,24150500,6,5,1,1,2/22/2019,4,2/22/2019,7,3,28,15,11,16,9,77,12,13,17,85,0,0,0,0,0
2/19/2019,14177900,3,4,0,0,4/9/2019,49,4/9/2019,7,3,8,15,11,16,15,77,12,12,13,50,17,0,0,0,0
2/20/2019,21208550,4,4,0,1,2/25/2019,5,2/25/2019,3,49,28,15,11,16,24,77,12,12,12,13,17,10,0,0,0
2/21/2019,25481500,4,4,0,0,5/14/2019,82,5/14/2019,7,3,8,15,11,16,15,77,12,12,13,50,17,0,0,0,0
2/22/2019,26400550,4,4,0,0,3/2/2019,8,3/2/2019,3,49,28,15,11,16,24,77,12,12,12,13,17,0,0,0,0
3/4/2019,27957600,4,4,0,0,3/31/2019,27,3/31/2019,7,3,8,15,11,16,15,77,12,12,13,50,17,0,0,0,0
3/5/2019,39913500,7,5,2,0,3/7/2019,2,3/7/2019,7,3,8,69,24,16,11,77,12,12,13,17,86,50,10,0,0
3/6/2019,13860000,3,4,0,1,3/8/2019,2,3/8/2019,7,3,8,15,11,16,15,77,12,12,13,50,17,0,0,0,0
3/19/2019,19346800,3,4,0,1,3/24/2019,5,3/24/2019,3,26,49,28,29,15,11,16,24,77,12,12,12,13,17,10,0
3/20/2019,13669700,5,5,0,0,5/24/2019,65,5/24/2019,7,8,15,11,16,24,77,12,12,12,13,17,10,71,0,0,0
3/21/2019,13678500,3,4,0,0,3/25/2019,4,3/25/2019,3,7,8,15,11,16,24,77,12,12,12,13,17,10,0,0,0
3/22/2019,23250700,4,4,0,1,5/26/2019,65,5/26/2019,3,26,49,28,15,11,16,24,12,12,13,17,0,0,0,0,0
4/8/2019,23396450,4,4,0,1,4/14/2019,6,4/14/2019,3,26,49,8,15,11,16,24,77,12,12,13,17,10,0,0,0
4/9/2019,22667000,6,5,1,0,5/24/2019,45,5/24/2019,7,3,8,78,16,15,77,82,12,12,12,76,10,68,0,0,0
4/10/2019,22799700,4,4,0,0,6/12/2019,63,6/12/2019,3,26,49,28,29,15,11,16,24,77,12,12,12,13,17,10,0
4/11/2019,32801500,7,5,2,0,5/1/2019,20,5/1/2019,7,3,18,69,24,16,11,77,12,12,12,13,17,86,50,10,0
4/12/2019,29301800,4,4,0,1,4/16/2019,4,4/16/2019,3,26,49,28,29,15,16,24,12,12,17,0,0,0,0,0,0
4/16/2019,28431700,6,5,1,1,4/20/2019,4,4/20/2019,7,3,18,15,24,16,11,77,12,12,12,13,17,10,0,0,0
4/17/2019,23962400,4,4,0,0,4/28/2019,11,4/28/2019,3,26,49,8,15,11,16,24,77,12,13,17,0,0,0,0,0
4/18/2019,37884000,7,5,2,0,4/30/2019,12,4/30/2019,7,3,8,69,24,16,11,77,12,12,13,17,86,50,10,0,0
4/19/2019,20823000,4,4,0,0,5/2/2019,13,5/2/2019,3,49,8,15,11,16,24,12,12,13,17,10,0,0,0,0,0
4/20/2019,21513800,4,4,0,1,4/22/2019,2,4/22/2019,3,26,49,28,15,11,16,24,77,12,12,13,17,0,0,0,0
4/21/2019,23828200,5,5,1,0,4/25/2019,4,4/25/2019,7,3,18,15,24,16,11,77,12,12,12,13,17,10,0,0,0
4/22/2019,32109000,5,6,2,0,5/27/2019,35,5/27/2019,3,7,8,15,15,11,12,12,13,17,10,0,0,0,0,0,0
5/13/2019,18942000,3,4,0,0,6/27/2019,45,6/27/2019,3,26,8,15,11,16,24,77,12,12,13,17,0,0,0,0,0
5/14/2019,18618600,2,6,0,0,6/4/2019,21,6/4/2019,3,7,8,15,15,16,11,75,12,12,12,13,17,10,0,0,0
5/15/2019,25179000,4,4,0,1,5/21/2019,6,5/21/2019,3,26,8,15,11,16,24,77,12,12,13,17,0,0,0,0,0
5/16/2019,19126800,3,4,0,0,6/19/2019,34,6/19/2019,3,26,49,28,15,11,16,24,77,12,12,12,13,17,10,0,0
5/17/2019,30013500,5,4,1,0,5/27/2019,10,5/27/2019,3,7,8,15,11,16,24,77,12,12,12,13,17,10,0,0,0
5/20/2019,31251000,5,4,1,1,6/23/2019,34,6/23/2019,3,7,8,15,11,16,24,77,12,12,12,13,17,10,0,0,0
5/21/2019,31939600,7,5,2,1,6/26/2019,36,6/26/2019,7,3,8,15,11,16,9,77,12,12,12,13,17,10,71,0,0
5/22/2019,17579000,5,5,0,0,5/29/2019,7,5/29/2019,7,3,8,19,39,21,22,75,12,12,12,13,10,0,0,0,0
5/23/2019,11012100,3,4,0,0,5/26/2019,3,5/26/2019,7,3,8,15,11,16,15,77,12,12,13,50,17,0,0,0,0
5/24/2019,22918000,6,5,1,1,6/20/2019,27,6/20/2019,7,3,18,69,24,16,11,77,12,12,12,13,17,86,50,10,0
6/10/2019,27112800,4,4,0,1,8/25/2019,76,8/25/2019,3,26,49,28,15,11,16,24,12,12,13,17,10,0,0,0,0
6/11/2019,19382000,2,6,0,0,8/11/2019,61,8/11/2019,3,7,8,15,15,16,11,75,12,12,13,17,0,0,0,0,0
6/12/2019,29948600,6,5,1,0,7/4/2019,22,7/4/2019,7,3,8,15,11,16,9,77,12,12,12,13,17,10,71,0,0
6/13/2019,24717000,4,4,0,1,6/27/2019,14,6/27/2019,3,7,8,15,11,16,24,77,12,12,12,13,17,10,0,0,0
6/14/2019,33930600,7,5,2,0,8/6/2019,53,8/6/2019,7,3,8,15,11,16,9,77,12,12,12,13,17,10,71,0,0
6/17/2019,27222800,4,4,0,1,6/20/2019,3,6/20/2019,3,26,49,28,15,16,24,12,13,17,10,0,0,0,0,0,0
6/18/2019,42158600,8,5,3,1,7/20/2019,32,7/20/2019,7,3,8,15,11,16,9,77,12,12,12,13,17,10,71,0,0
6/19/2019,22333300,6,5,1,0,7/9/2019,20,7/9/2019,7,3,18,15,16,11,9,12,12,12,13,17,10,0,0,0,0
6/20/2019,21296000,4,4,0,0,9/15/2019,87,9/15/2019,3,26,49,28,29,15,16,24,77,12,12,13,17,10,0,0,0
6/21/2019,16472500,2,6,0,0,8/3/2019,43,8/3/2019,3,7,8,15,16,11,75,12,12,12,13,10,0,0,0,0,0
7/8/2019,28583500,4,4,0,1,8/31/2019,54,8/31/2019,3,26,49,29,15,11,16,24,12,13,17,0,0,0,0,0,0
7/9/2019,41431000,8,5,3,0,8/11/2019,33,8/11/2019,7,3,18,69,24,16,11,77,12,12,12,13,17,86,50,10,0
7/10/2019,15403300,5,5,0,0,7/17/2019,7,7/17/2019,7,3,28,15,11,16,9,77,12,12,12,13,17,10,85,0,0
7/11/2019,32582550,5,4,1,1,9/27/2019,78,9/27/2019,3,26,49,28,15,16,24,12,12,13,17,10,0,0,0,0,0
7/12/2019,21291600,4,4,0,0,9/26/2019,76,9/26/2019,3,26,8,15,11,16,24,77,12,12,13,17,0,0,0,0,0
8/5/2019,18767000,5,5,0,1,8/12/2019,7,8/12/2019,7,3,8,19,39,21,22,75,12,12,12,13,10,0,0,0,0
8/7/2019,38583600,7,5,2,0,8/15/2019,8,8/15/2019,7,3,8,15,11,16,9,77,12,12,12,13,17,10,71,0,0
9/23/2019,17579000,5,5,0,0,9/29/2019,6,9/29/2019,7,3,8,19,39,21,22,75,12,12,12,13,10,0,0,0,0
9/24/2019,31735000,5,4,1,0,12/11/2019,78,12/11/2019,3,7,8,15,11,16,24,77,12,12,12,13,17,10,0,0,0
9/25/2019,26408800,4,4,0,1,10/2/2019,7,10/2/2019,3,26,49,28,29,15,11,16,24,77,12,12,12,13,17,10,0
10/21/2019,26837250,4,4,0,0,10/29/2019,8,10/29/2019,3,26,8,15,11,16,24,77,12,12,13,17,0,0,0,0,0
10/22/2019,20415500,6,5,1,1,12/28/2019,67,12/28/2019,7,3,18,69,24,16,11,77,12,12,12,13,17,86,50,10,0
10/23/2019,21165000,6,5,1,1,10/31/2019,8,10/31/2019,7,3,8,19,39,21,22,75,12,12,12,13,10,0,0,0,0
11/11/2019,22005500,6,5,1,1,1/25/2020,75,1/25/2020,7,3,28,15,11,16,9,77,12,12,13,17,85,0,0,0,0
11/12/2019,32808600,7,5,2,1,11/18/2019,6,11/18/2019,7,3,8,15,11,16,9,77,12,12,12,13,17,10,71,0,0
11/13/2019,30027800,5,4,1,0,11/29/2019,16,11/29/2019,3,26,49,28,29,15,11,16,24,77,12,12,12,13,17,10,0
12/16/2019,28589000,4,4,0,0,12/22/2019,6,12/22/2019,3,7,8,15,11,16,24,77,12,12,12,13,17,10,0,0,0
12/17/2019,28622550,4,4,0,1,2/29/2020,74,2/29/2020,3,26,49,28,29,15,16,24,77,12,12,12,17,0,0,0,0
12/18/2019,21863600,6,5,1,1,2/23/2020,67,2/23/2020,7,3,8,15,11,16,9,77,12,12,12,13,17,10,71,0,0
12/19/2019,31433600,7,5,2,0,1/6/2020,18,1/6/2020,7,3,8,15,11,16,9,77,12,12,12,13,17,10,71,0,0
1/6/2020,21788800,4,4,0,0,1/23/2020,17,1/23/2020,3,26,49,28,29,15,11,16,24,77,12,12,12,13,17,10,0
1/7/2020,21624350,4,4,0,1,3/19/2020,72,3/19/2020,3,26,49,28,29,15,11,16,24,77,12,12,12,13,17,10,0
1/8/2020,19101500,3,4,0,0,1/15/2020,7,1/15/2020,3,26,49,28,15,11,16,24,77,12,13,17,0,0,0,0,0
1/9/2020,19156500,3,4,0,1,1/11/2020,2,1/11/2020,3,26,8,15,11,16,24,77,12,12,13,17,0,0,0,0,0
1/20/2020,11779200,5,5,0,1,1/22/2020,2,1/22/2020,7,3,8,78,16,15,77,82,12,12,12,76,10,68,0,0,0
1/21/2020,10497500,5,5,0,0,4/16/2020,86,4/16/2020,7,3,8,78,16,15,77,82,12,12,12,76,10,68,0,0,0
2/10/2020,14538000,5,5,0,0,2/18/2020,8,2/18/2020,7,3,8,78,16,15,77,82,12,12,12,76,10,68,0,0,0
2/11/2020,18618600,2,6,0,0,2/17/2020,6,2/17/2020,3,7,8,15,15,16,11,75,12,12,12,13,17,10,0,0,0
2/12/2020,17343000,5,5,0,0,2/20/2020,8,2/20/2020,7,3,8,78,16,15,77,82,12,12,12,76,10,68,0,0,0
2/13/2020,17361300,5,5,0,1,2/18/2020,5,2/18/2020,7,3,18,15,16,11,9,77,12,12,12,13,17,10,0,0,0
3/9/2020,31523800,5,4,1,1,5/12/2020,64,5/12/2020,3,26,49,28,29,15,11,16,24,77,12,12,12,13,17,10,0
3/10/2020,32268500,7,5,2,0,5/5/2020,56,5/5/2020,7,3,8,15,11,16,9,77,12,12,12,13,17,10,71,0,0
3/11/2020,25886300,4,4,0,1,3/14/2020,3,3/14/2020,3,26,49,28,29,15,11,16,24,77,12,12,12,13,17,10,0
4/6/2020,22234300,4,4,0,0,4/10/2020,4,4/10/2020,3,49,8,15,11,16,24,77,12,12,12,13,17,10,0,0,0
4/7/2020,30800000,7,5,2,0,4/12/2020,5,4/12/2020,7,3,8,15,11,16,9,77,12,12,12,13,17,10,71,0,0
4/8/2020,25138300,4,4,0,0,5/12/2020,34,5/12/2020,3,26,49,28,29,15,11,16,24,77,12,12,12,13,17,10,0
5/11/2020,23812800,4,4,0,0,5/13/2020,2,5/13/2020,3,26,29,16,24,77,12,12,13,17,10,0,0,0,0,0,0
5/12/2020,19489800,3,4,0,0,6/15/2020,34,6/15/2020,3,26,49,28,29,15,11,16,24,77,12,12,12,13,17,10,0
5/13/2020,22279400,4,4,0,1,7/2/2020,50,7/2/2020,3,26,8,15,11,16,24,77,12,12,13,17,0,0,0,0,0
6/8/2020,30047050,5,4,1,0,7/13/2020,35,7/13/2020,3,26,49,28,29,15,11,16,24,77,12,12,12,13,17,10,0
6/9/2020,25036000,6,5,1,0,7/24/2020,45,7/24/2020,7,3,8,69,24,16,11,77,12,12,13,17,86,50,10,0,0
6/10/2020,28286500,4,6,1,0,7/14/2020,34,7/14/2020,3,7,8,15,15,16,75,12,12,12,13,0,0,0,0,0,0
7/13/2020,20636000,4,4,0,0,9/7/2020,56,9/7/2020,3,26,49,28,29,15,16,24,77,12,12,13,17,10,0,0,0
7/14/2020,39985000,5,4,1,0,9/17/2020,65,9/17/2020,3,7,8,15,11,16,24,77,12,12,12,13,17,10,0,0,0
7/15/2020,18001500,3,4,0,0,9/9/2020,56,9/9/2020,3,26,8,15,11,16,24,77,12,12,13,17,10,0,0,0,0
7/16/2020,23648900,3,6,0,0,7/20/2020,4,7/20/2020,3,7,8,15,15,16,11,75,12,12,12,13,17,10,0,0,0
8/3/2020,21491800,4,4,0,0,9/28/2020,56,9/28/2020,3,26,49,28,29,15,11,16,24,77,12,12,12,13,17,10,0
8/4/2020,34039500,5,4,1,1,9/23/2020,50,9/23/2020,3,7,8,15,11,16,24,77,12,12,12,13,17,10,0,0,0
8/5/2020,20963800,4,4,0,0,9/19/2020,45,9/19/2020,3,26,49,28,29,15,11,16,24,77,12,12,12,13,17,10,0
8/24/2020,24970000,4,4,0,1,9/27/2020,34,9/27/2020,7,3,8,15,11,16,15,77,12,12,13,50,17,0,0,0,0
4/1/2017,8543099,1,2,0,0,5/24/2017,53,5/24/2017,0,0,0,0,0,0,0,0,0,0,0,0,0,0,0,0,0
4/10/2017,10214050,2,2,0,0,5/25/2017,45,5/25/2017,3,26,49,8,8,15,11,16,24,77,12,12,12,13,17,10,0
4/13/2017,87060050,5,8,3,0,5/6/2017,23,5/6/2017,3,26,49,8,8,15,11,16,24,77,12,12,12,13,17,10,0
4/16/2017,33524700,7,5,2,0,5/26/2017,40,5/26/2017,3,26,49,8,8,15,11,16,24,77,12,12,12,13,17,10,0
4/21/2017,35366650,5,6,2,0,5/14/2017,23,5/14/2017,3,26,49,8,8,15,11,16,24,77,12,12,12,13,17,10,0
5/23/2020,34844700,5,6,2,0,7/4/2020,42,7/4/2020,3,26,49,8,8,15,11,16,24,77,12,12,12,13,17,10,0
2/3/2020,85353950,10,6,4,0,3/8/2020,34,3/8/2020,3,26,49,8,8,15,11,16,24,77,12,12,12,13,17,10,0
1/14/2019,51600450,6,7,4,0,2/18/2019,35,2/18/2019,3,26,49,8,8,15,11,16,24,77,12,12,12,13,17,10,0
7/26/2020,32739300,10,10,3,0,8/17/2020,22,8/17/2020,3,26,49,8,8,15,11,16,24,77,12,12,12,13,17,10,0
6/24/2020,61591200,20,21,5,0,8/17/2020,54,8/17/2020,3,26,49,8,8,15,11,16,24,77,12,12,12,13,17,10,0
7/1/2018,94162200,10,23,8,0,7/6/2018,5,7/6/2018,3,26,49,8,8,15,11,16,24,77,12,12,12,13,17,10,0
1/22/2020,18924400,1,1,0,0,1/28/2020,6,1/28/2020,3,81,79,80,0,0,0,0,0,0,0,0,0,0,0,0,0
2/18/2018,24974400,2,1,0,0,4/4/2018,45,4/4/2018,3,81,79,80,0,0,0,0,0,0,0,0,0,0,0,0,0
4/19/2018,49614400,5,7,3,0,4/26/2018,7,4/26/2018,3,81,79,80,0,0,0,0,0,0,0,0,0,0,0,0,0
6/19/2017,46944400,3,1,1,0,6/26/2017,7,6/26/2017,3,81,79,80,0,0,0,0,0,0,0,0,0,0,0,0,0
7/1/2017,52814400,5,1,1,0,9/6/2017,67,9/6/2017,3,81,79,80,0,0,0,0,0,0,0,0,0,0,0,0,0
8/1/2017,17024400,1,1,0,0,8/7/2017,6,8/7/2017,3,81,79,80,0,0,0,0,0,0,0,0,0,0,0,0,0
3/15/2018,16294400,1,1,0,0,5/29/2018,75,5/29/2018,3,81,79,80,0,0,0,0,0,0,0,0,0,0,0,0,0
12/15/2019,12124400,1,1,0,0,3/2/2020,78,3/2/2020,3,81,79,80,0,0,0,0,0,0,0,0,0,0,0,0,0
12/25/2018,75634400,12,11,6,0,1/1/2019,7,1/1/2019,3,81,79,80,0,0,0,0,0,0,0,0,0,0,0,0,0
9/2/2017,101924400,10,1,2,0,9/26/2017,24,9/26/2017,3,81,79,80,0,0,0,0,0,0,0,0,0,0,0,0,0
9/12/2017,28364400,4,4,0,0,9/19/2017,7,9/19/2017,3,81,79,0,0,0,0,0,0,0,0,0,0,0,0,0,0
8/15/2020,19064400,2,1,0,0,11/9/2020,86,11/9/2020,3,81,79,0,0,0,0,0,0,0,0,0,0,0,0,0,0
11/13/2019,75274400,8,1,1,0,1/30/2020,78,1/30/2020,3,81,79,0,0,0,0,0,0,0,0,0,0,0,0,0,0
10/12/2018,59094400,6,1,0,0,11/3/2018,22,11/3/2018,3,81,79,0,0,0,0,0,0,0,0,0,0,0,0,0,0
1/19/2020,26204400,3,1,0,0,2/11/2020,23,2/11/2020,3,81,79,0,0,0,0,0,0,0,0,0,0,0,0,0,0
1/12/2019,88124400,9,1,2,0,1/15/2019,3,1/15/2019,3,81,79,0,0,0,0,0,0,0,0,0,0,0,0,0,0
1/18/2019,20554400,3,1,0,0,1/24/2019,6,1/24/2019,3,81,79,0,0,0,0,0,0,0,0,0,0,0,0,0,0
9/9/2017,52174400,6,1,0,0,9/30/2017,21,9/30/2017,3,81,79,0,0,0,0,0,0,0,0,0,0,0,0,0,0
3/3/2020,37134400,4,1,0,0,3/25/2020,22,3/25/2020,3,81,79,0,0,0,0,0,0,0,0,0,0,0,0,0,0
5/6/2017,91744400,10,1,3,0,5/29/2017,23,5/29/2017,3,81,79,0,0,0,0,0,0,0,0,0,0,0,0,0,0
1/31/2020,14987500,1,1,0,0,2/24/2020,24,2/24/2020,3,7,8,15,15,16,11,75,12,12,13,17,10,0,0,0,0
3/15/2018,28994350,3,7,1,0,4/9/2018,25,4/9/2018,3,7,8,15,15,16,11,75,12,12,13,17,10,0,0,0,0
8/15/2020,43570450,4,9,3,0,9/10/2020,26,9/10/2020,3,7,8,15,15,16,11,75,12,12,13,17,10,0,0,0,0
11/25/2018,64274650,5,13,3,0,12/22/2018,27,12/22/2018,3,7,8,15,15,16,11,75,12,12,13,17,10,0,0,0,0
10/25/2017,44704400,4,1,2,0,11/22/2017,28,11/22/2017,3,7,8,15,15,16,11,75,12,12,13,17,10,0,0,0,0
4/25/2020,43992300,8,2,2,0,5/28/2020,33,5/28/2020,3,7,8,15,15,16,11,75,12,12,13,17,10,0,0,0,0
5/12/2020,50658850,7,6,3,0,6/15/2020,34,6/15/2020,3,7,8,15,15,16,11,75,12,12,13,17,10,0,0,0,0
11/11/2017,29454150,4,3,0,0,12/16/2017,35,12/16/2017,3,7,8,15,15,16,11,75,12,12,13,17,10,0,0,0,0
1/2/2020,48682700,8,5,3,0,2/7/2020,36,2/7/2020,3,7,8,15,15,16,11,75,12,12,13,17,10,0,0,0,0
7/13/2020,58754850,9,5,4,0,8/19/2020,37,8/19/2020,3,7,8,15,15,16,11,75,12,12,13,17,10,0,0,0,0
8/3/2020,74786800,10,2,4,0,9/10/2020,38,9/11/2020,7,3,18,69,24,16,11,77,12,12,12,13,17,14,86,50,10
2/3/2020,37194630,4,7,2,0,3/13/2020,39,3/14/2020,7,3,18,69,24,16,11,77,12,12,12,13,17,14,86,50,10
1/30/2020,48562030,6,3,2,0,3/10/2020,40,3/11/2020,7,3,18,69,24,16,11,77,12,12,12,13,17,14,86,50,10
6/25/2020,70809750,4,8,3,0,8/5/2020,41,8/6/2020,7,3,18,69,24,16,11,77,12,12,12,13,17,14,86,50,10
7/25/2020,26779610,3,1,0,0,9/5/2020,42,9/6/2020,7,3,18,69,24,16,11,77,12,12,12,13,17,14,86,50,10
8/25/2020,68152150,9,6,3,0,10/7/2020,43,10/8/2020,7,3,18,69,24,16,11,77,12,12,12,13,17,14,86,50,10
9/14/2017,1507890,2,1,0,0,10/28/2017,44,10/29/2017,7,3,18,69,24,16,11,77,12,12,12,13,17,14,86,50,10
12/26/2019,65162900,6,9,5,0,1/7/2020,12,1/8/2020,7,3,18,69,24,16,11,77,12,12,12,13,17,14,86,50,10
2/5/2020,51620910,3,8,2,0,2/18/2020,13,2/18/2020,7,3,18,69,24,16,11,77,12,12,12,13,17,14,86,50,10
10/10/2018,47682800,6,4,2,0,10/24/2018,14,10/24/2018,7,3,18,69,24,16,11,77,12,12,12,13,17,14,86,50,10
12/10/2017,18256700,3,2,0,0,12/25/2017,15,12/25/2017,7,18,15,11,16,24,77,12,12,12,13,17,10,71,0,0,0
12/1/2018,23083500,2,1,1,0,12/17/2018,16,12/17/2018,7,18,15,11,16,24,77,12,12,12,13,17,10,71,0,0,0
12/12/2018,37059000,3,9,2,0,12/29/2018,17,12/29/2018,7,18,15,11,16,24,77,12,12,12,13,17,10,71,0,0,0
2/2/2019,43287200,4,1,2,0,2/20/2019,18,2/20/2019,7,18,15,11,16,24,77,12,12,12,13,17,10,71,0,0,0
1/2/2020,66698500,10,5,5,0,1/21/2020,19,1/21/2020,7,18,15,11,16,24,77,12,12,12,13,17,10,71,0,0,0
9/30/2017,28300250,6,5,1,0,10/20/2017,20,10/20/2017,7,18,15,11,16,24,77,12,12,12,13,17,10,71,0,0,0
12/31/2017,42966000,5,7,3,0,1/21/2018,21,1/21/2018,7,18,15,11,16,24,77,12,12,12,13,17,10,71,0,0,0
1/31/2018,34091750,5,4,1,0,2/22/2018,22,2/22/2018,7,18,15,11,16,24,77,12,12,12,13,17,10,71,0,0,0
1/30/2020,34986600,7,5,2,0,2/22/2020,23,2/22/2020,7,18,15,11,16,24,77,12,12,12,13,17,10,71,0,0,0
1/18/2020,62667000,4,8,2,0,2/11/2020,24,2/11/2020,7,18,15,11,16,24,77,12,12,12,13,17,10,71,0,0,0
2/14/2020,11462000,1,1,0,0,3/8/2020,23,3/8/2020,7,18,15,16,24,11,77,12,12,12,13,17,10,50,0,0,0
3/14/2020,17505400,3,2,0,0,4/8/2020,25,4/8/2020,7,18,15,16,24,11,77,12,12,12,13,17,10,50,0,0,0
5/14/2018,50575250,5,9,4,0,7/13/2018,60,7/13/2018,7,18,15,16,24,11,77,12,12,12,13,17,10,50,0,0,0
7/14/2020,54877350,7,3,3,0,8/6/2020,23,8/6/2020,7,18,15,16,24,11,77,12,12,12,13,17,10,50,0,0,0
8/14/2020,59109600,6,7,4,0,9/10/2020,27,9/10/2020,7,18,15,16,24,11,77,12,12,12,13,17,10,50,0,0,0
9/14/2018,48150300,4,1,2,0,9/25/2018,11,9/25/2018,7,18,15,16,24,11,77,12,12,12,13,17,10,50,0,0,0
10/14/2019,59224550,5,1,2,0,10/26/2019,12,10/26/2019,7,18,15,16,24,11,77,12,12,12,13,17,10,50,0,0,0
11/14/2017,63443600,7,7,5,0,11/19/2017,5,11/19/2017,7,18,15,16,24,11,77,12,12,12,13,17,10,50,0,0,0
12/14/2017,74931450,7,9,6,0,12/20/2017,6,12/20/2017,7,18,15,16,24,11,77,12,12,12,13,17,10,50,0,0,0
5/10/2020,52522800,6,7,4,0,6/24/2020,45,6/24/2020,7,18,15,16,24,11,77,12,12,12,13,17,10,50,0,0,0
1/10/2018,10116500,1,1,0,0,1/16/2018,6,1/16/2018,7,3,8,19,39,21,22,75,12,12,12,13,10,87,0,0,0
8/11/2017,20110240,4,3,0,0,9/25/2017,45,9/25/2017,7,3,8,19,39,21,22,75,12,12,12,13,10,87,0,0,0
2/11/2020,38871300,6,6,2,0,4/14/2020,63,4/14/2020,7,3,8,19,39,21,22,75,12,12,12,13,10,87,0,0,0
3/11/2019,47787799,5,7,3,0,4/25/2019,45,4/25/2019,7,3,8,19,39,21,22,75,12,12,12,13,10,87,0,0,0
4/11/2019,33296900,3,1,1,0,4/14/2019,3,4/14/2019,7,3,8,19,39,21,22,75,12,12,12,13,10,87,0,0,0
5/11/2020,26992040,2,1,0,0,6/26/2020,46,6/26/2020,7,3,8,19,39,21,22,75,12,12,12,13,10,87,0,0,0
6/21/2019,22417920,4,4,0,0,6/26/2019,5,6/26/2019,7,3,8,19,39,21,22,75,12,12,12,13,10,87,0,0,0
7/30/2019,11524500,1,1,0,0,10/2/2019,64,10/2/2019,7,3,8,19,39,21,22,75,12,12,12,13,10,87,0,0,0
1/1/2020,40957079,4,10,1,0,1/8/2020,7,1/8/2020,7,3,8,19,39,21,22,75,12,12,12,13,10,87,0,0,0
8/12/2018,41094599,3,8,1,0,8/16/2018,4,8/16/2018,7,3,8,19,39,21,22,75,12,12,12,13,10,87,0,0,0
9/12/2017,9027700,1,1,0,0,11/8/2017,57,11/8/2017,3,7,18,15,11,16,24,77,12,12,12,13,17,10,0,0,0
11/12/2019,20476500,3,7,1,0,12/5/2019,23,12/5/2019,3,7,18,15,11,16,24,77,12,12,12,13,17,10,0,0,0
1/12/2020,27579200,2,9,1,0,1/17/2020,5,1/17/2020,3,7,18,15,11,16,24,77,12,12,12,13,17,10,0,0,0
2/20/2020,35716450,6,11,2,0,2/22/2020,2,2/22/2020,3,7,18,15,11,16,24,77,12,12,12,13,17,10,0,0,0
1/20/2020,24122450,4,2,0,0,2/25/2020,36,2/25/2020,3,7,18,15,11,16,24,77,12,12,12,13,17,10,0,0,0
12/12/2019,31298850,6,2,1,0,1/27/2020,46,1/27/2020,3,7,18,15,11,16,24,77,12,12,12,13,17,10,0,0,0
5/20/2020,29426100,2,1,1,0,5/23/2020,3,5/23/2020,3,7,18,15,11,16,24,77,12,12,12,13,17,10,0,0,0
6/20/2019,48845500,5,7,3,0,6/26/2019,6,6/26/2019,3,7,18,15,11,16,24,77,12,12,12,13,17,10,0,0,0
7/20/2018,47053050,8,5,3,0,7/27/2018,7,7/27/2018,3,7,18,15,11,16,24,77,12,12,12,13,17,10,0,0,0
6/25/2019,41069050,6,4,2,0,7/11/2019,16,7/11/2019,3,7,18,15,11,16,24,77,12,12,12,13,17,10,0,0,0
5/15/2018,10707400,2,1,0,0,5/19/2018,4,5/19/2018,7,3,18,15,11,16,15,77,12,12,12,13,50,17,10,0,0
2/18/2020,20846100,4,2,0,0,2/25/2020,7,2/25/2020,7,3,18,15,11,16,15,77,12,12,12,13,50,17,10,0,0
3/18/2018,37343900,4,1,2,0,4/28/2018,41,4/28/2018,7,3,18,15,11,16,15,77,12,12,12,13,50,17,10,0,0
5/19/2020,43271250,6,3,2,0,6/3/2020,15,6/3/2020,7,3,18,15,11,16,15,77,12,12,12,13,50,17,10,0,0
6/18/2020,40370000,8,5,3,0,7/26/2022,768,7/26/2022,7,3,18,15,11,16,15,77,12,12,12,13,50,17,10,0,0
7/18/2019,44437800,5,7,3,0,9/23/2019,67,9/23/2019,7,3,18,15,11,16,15,77,12,12,12,13,50,17,10,0,0
8/18/2017,42416550,8,5,3,0,11/15/2017,89,11/15/2017,7,3,18,15,11,16,15,77,12,12,12,13,50,17,10,0,0
9/17/2017,93022600,10,1,4,0,10/9/2017,22,10/9/2017,7,3,18,15,11,16,15,77,12,12,12,13,50,17,10,0,0
10/8/2018,43579800,4,9,3,0,10/12/2018,4,10/12/2018,7,3,18,15,11,16,15,77,12,12,12,13,50,17,10,0,0
7/1/2019,54329550,6,1,2,0,9/3/2019,64,9/3/2019,7,3,18,15,11,16,15,77,12,12,12,13,50,17,10,0,0
7/3/2017,5224700,1,1,0,0,8/25/2017,53,8/25/2017,7,18,3,15,11,75,12,12,13,17,10,0,0,0,0,0,0
8/3/2018,13467799,1,8,0,0,9/17/2018,45,9/17/2018,7,18,3,15,11,75,12,12,13,17,10,0,0,0,0,0,0
9/3/2017,11907479,3,3,0,0,9/5/2017,2,9/5/2017,7,18,3,15,11,75,12,12,13,17,10,0,0,0,0,0,0
12/3/2017,16655938,2,7,0,0,1/6/2018,34,1/6/2018,7,18,3,15,11,75,12,12,13,17,10,0,0,0,0,0,0
1/23/2020,16229739,3,4,0,0,2/16/2020,24,2/16/2020,7,18,3,15,11,75,12,12,13,17,10,0,0,0,0,0,0
2/24/2020,22531258,3,6,0,0,3/17/2020,22,3/17/2020,7,18,3,15,11,75,12,12,13,17,10,0,0,0,0,0,0
3/14/2019,26634989,2,8,0,0,4/19/2019,36,4/19/2019,7,18,3,15,11,75,12,12,13,17,10,0,0,0,0,0,0
8/14/2018,9825399,4,5,0,0,9/5/2018,22,9/5/2018,7,18,3,15,11,75,12,12,13,17,10,0,0,0,0,0,0
9/14/2017,17174528,3,3,0,0,11/9/2017,56,11/9/2017,7,18,3,15,11,75,12,12,13,17,10,0,0,0,0,0,0
5/1/2019,24449027,4,4,0,0,6/3/2019,33,6/3/2019,7,18,3,15,11,75,12,12,13,17,10,0,0,0,0,0,0
1/2/2019,15606800,1,1,0,0,1/8/2019,6,1/8/2019,3,49,84,7,18,15,11,16,24,77,12,12,12,13,10,0,0
10/22/2019,25492500,4,3,0,0,10/29/2019,7,10/29/2019,3,49,84,7,18,15,11,16,24,77,12,12,12,13,10,0,0
2/2/2019,31039800,5,4,1,0,2/18/2019,16,2/18/2019,3,49,84,7,18,15,11,16,24,77,12,12,12,13,10,0,0
3/2/2018,30335800,5,4,1,0,4/5/2018,34,4/5/2018,3,49,84,7,18,15,11,16,24,77,12,12,12,13,10,0,0
4/2/2020,52488150,5,9,4,0,4/7/2020,5,4/7/2020,3,49,84,7,18,15,11,16,24,77,12,12,12,13,10,0,0
5/5/2020,49815700,8,5,3,0,5/16/2020,11,5/16/2020,3,49,84,7,18,15,11,16,24,77,12,12,12,13,10,0,0
6/5/2017,35148300,7,5,2,0,6/14/2017,9,6/14/2017,3,49,84,7,18,15,11,16,24,77,12,12,12,13,10,0,0
7/5/2018,45203400,5,7,3,0,7/25/2018,20,7/25/2018,3,49,84,7,18,15,11,16,24,77,12,12,12,13,10,0,0
8/5/2017,35624050,3,1,1,0,8/13/2017,8,8/13/2017,3,49,84,7,18,15,11,16,24,77,12,12,12,13,10,0,0
9/30/2019,52718050,7,3,4,0,10/20/2019,20,10/20/2019,3,49,84,7,18,15,11,16,24,77,12,12,12,13,10,0,0
8/1/2018,22853600,2,1,0,0,8/10/2018,9,8/10/2018,7,3,8,15,11,16,9,77,12,12,12,13,17,10,71,0,0
7/19/2020,43337250,6,3,3,0,7/26/2020,7,7/26/2020,7,3,8,15,11,16,9,77,12,12,12,13,17,10,71,0,0
6/19/2020,63368800,8,3,5,0,9/25/2020,98,9/25/2020,7,3,8,15,11,16,9,77,12,12,12,13,17,10,71,0,0
5/19/2019,31480900,6,2,1,0,5/28/2019,9,5/28/2019,7,3,8,15,11,16,9,77,12,12,12,13,17,10,71,0,0
4/19/2018,42909900,4,1,2,0,7/6/2018,78,7/6/2018,7,3,8,15,11,16,9,77,12,12,12,13,17,10,71,0,0
3/21/2020,53362650,7,3,4,0,3/28/2020,7,3/28/2020,7,3,8,15,11,16,9,77,12,12,12,13,17,10,71,0,0
4/21/2018,50508700,5,1,3,0,5/9/2018,18,5/9/2018,7,3,8,15,11,16,9,77,12,12,12,13,17,10,71,0,0
5/30/2017,35226950,5,3,1,0,6/5/2017,6,6/5/2017,7,3,8,15,11,16,9,77,12,12,12,13,17,10,71,0,0
6/21/2017,24515700,2,1,0,0,9/3/2017,74,9/3/2017,7,3,8,15,11,16,9,77,12,12,12,13,17,10,71,0,0
11/9/2017,76168400,7,10,2,0,1/4/2018,56,1/4/2018,7,3,8,15,11,16,9,77,12,12,12,13,17,10,71,0,0
8/9/2018,7638500,2,1,0,0,8/14/2018,5,8/14/2018,7,3,18,15,11,16,9,77,12,12,12,13,17,10,85,0,0
8/11/2020,22368500,4,2,0,0,8/17/2020,6,8/17/2020,7,3,18,15,11,16,9,77,12,12,12,13,17,10,85,0,0
7/9/2017,14743300,2,1,0,0,8/23/2017,45,8/23/2017,7,3,18,15,11,16,9,77,12,12,12,13,17,10,85,0,0
6/9/2020,27106750,3,1,0,0,6/15/2020,6,6/15/2020,7,3,18,15,11,16,9,77,12,12,12,13,17,10,85,0,0
2/9/2018,22767250,4,2,0,0,2/25/2018,16,2/25/2018,7,3,18,15,11,16,9,77,12,12,12,13,17,10,85,0,0
3/19/2019,40800100,6,4,2,0,4/3/2019,15,4/3/2019,7,3,18,15,11,16,9,77,12,12,12,13,17,10,85,0,0
1/19/2019,27454900,3,7,1,0,2/2/2019,14,2/2/2019,7,3,18,15,11,16,9,77,12,12,12,13,17,10,85,0,0
2/26/2020,53341750,7,3,3,0,3/1/2020,4,3/1/2020,7,3,18,15,11,16,9,77,12,12,12,13,17,10,85,0,0
3/26/2018,39454800,7,2,1,0,4/8/2018,13,4/8/2018,7,3,18,15,11,16,9,77,12,12,12,13,17,10,85,0,0
7/28/2019,21783850,4,3,0,0,9/20/2019,54,9/20/2019,7,3,18,15,11,16,9,77,12,12,12,13,17,10,85,0,0
7/28/2020,8379800,1,1,0,0,8/8/2020,11,8/8/2020,3,7,18,15,11,16,24,77,12,12,12,13,17,10,0,0,0
12/28/2017,22271700,4,3,0,0,1/8/2018,11,1/8/2018,3,7,18,15,11,16,24,77,12,12,12,13,17,10,0,0,0
6/28/2017,19334700,1,1,0,0,7/9/2017,11,7/9/2017,3,7,18,15,11,16,24,77,12,12,12,13,17,10,0,0,0
1/28/2018,18217100,3,4,0,0,3/3/2018,34,3/3/2018,3,7,18,15,11,16,24,77,12,12,12,13,17,10,0,0,0
5/29/2020,14889050,1,1,0,0,6/4/2020,6,6/4/2020,3,7,18,15,11,16,24,77,12,12,12,13,17,10,0,0,0
5/31/2017,12967900,1,2,0,0,6/3/2017,3,6/3/2017,3,7,18,15,11,16,24,77,12,12,12,13,17,10,0,0,0
4/30/2019,22187550,4,3,0,0,5/7/2019,7,5/7/2019,3,7,18,15,11,16,24,77,12,12,12,13,17,10,0,0,0
3/30/2019,24209900,6,5,1,0,4/4/2019,5,4/4/2019,3,7,18,15,11,16,24,77,12,12,12,13,17,10,0,0,0
11/30/2019,28556550,3,7,1,0,2/12/2020,74,2/12/2020,3,7,18,15,11,16,24,77,12,12,12,13,17,10,0,0,0
9/2/2019,36601950,2,8,1,0,9/7/2019,5,9/7/2019,3,7,18,15,11,16,24,77,12,12,12,13,17,10,0,0,0
11/18/2017,13941400,1,1,0,0,11/25/2017,7,11/25/2017,3,7,18,15,11,16,24,77,12,12,12,13,17,10,0,0,0
9/3/2018,18752800,1,2,0,0,10/18/2018,45,10/18/2018,3,7,18,15,11,16,24,77,12,12,12,13,17,10,0,0,0
9/4/2019,32485200,2,8,1,0,9/11/2019,7,9/11/2019,3,7,18,15,11,16,24,77,12,12,12,13,17,10,0,0,0
9/5/2017,26110150,6,5,1,0,9/10/2017,5,9/10/2017,3,7,18,15,11,16,24,77,12,12,12,13,17,10,0,0,0
10/5/2018,29825400,4,4,0,0,10/28/2018,23,10/28/2018,3,7,18,15,11,16,24,77,12,12,12,13,17,10,0,0,0
11/5/2019,30020100,5,3,1,0,11/27/2019,22,11/27/2019,3,7,18,15,11,16,24,77,12,12,12,13,17,10,0,0,0
1/5/2018,28724300,2,1,0,0,1/10/2018,5,1/10/2018,3,7,18,15,11,16,24,77,12,12,12,13,17,10,0,0,0
2/19/2019,36512850,7,2,1,0,2/26/2019,7,2/26/2019,3,7,18,15,11,16,24,77,12,12,12,13,17,10,0,0,0
3/14/2018,40870500,6,3,2,0,3/18/2018,4,3/18/2018,3,7,18,15,11,16,24,77,12,12,12,13,17,10,0,0,0
6/1/2018,32697500,3,1,1,0,6/23/2018,22,6/23/2018,3,7,18,15,11,16,24,77,12,12,12,13,17,10,0,0,0
4/28/2017,15183300,2,1,0,0,5/4/2017,6,5/4/2017,7,3,18,15,16,11,9,77,12,12,12,13,17,10,0,0,0
4/29/2017,21590250,4,2,0,0,5/4/2017,5,5/4/2017,7,3,18,15,16,11,9,77,12,12,12,13,17,10,0,0,0
6/22/2018,24315500,4,3,0,0,6/26/2018,4,6/26/2018,7,3,18,15,16,11,9,77,12,12,12,13,17,10,0,0,0
5/22/2020,24589950,4,4,0,0,6/5/2020,14,6/5/2020,7,3,18,15,16,11,9,77,12,12,12,13,17,10,0,0,0
2/26/2019,25154800,4,3,0,0,3/3/2019,5,3/3/2019,7,3,18,15,16,11,9,77,12,12,12,13,17,10,0,0,0
3/22/2019,25071750,6,5,1,0,3/29/2019,7,3/29/2019,7,3,18,15,16,11,9,77,12,12,12,13,17,10,0,0,0
2/29/2020,40031750,5,1,2,0,3/6/2020,6,3/6/2020,7,3,18,15,16,11,9,77,12,12,12,13,17,10,0,0,0
1/22/2018,32588600,6,2,1,0,1/27/2018,5,1/27/2018,7,3,18,15,16,11,9,77,12,12,12,13,17,10,0,0,0
10/16/2017,50476250,10,15,2,0,12/22/2017,67,12/22/2017,7,3,18,15,16,11,9,77,12,12,12,13,17,10,0,0,0
7/12/2017,21385650,3,1,0,0,7/21/2017,9,7/21/2017,7,3,18,15,16,11,9,77,12,12,12,13,17,10,0,0,0
6/29/2018,6750150,1,1,0,0,7/6/2018,7,7/6/2018,7,18,3,15,11,77,12,12,13,10,14,0,0,0,0,0,0
2/28/2018,37841650,20,17,6,0,3/8/2018,8,3/8/2018,7,18,3,15,11,77,12,12,13,10,14,0,0,0,0,0,0
3/16/2019,36287900,7,11,3,0,3/25/2019,9,3/25/2019,7,18,3,15,11,77,12,12,13,10,14,0,0,0,0,0,0
12/12/2019,39080800,4,13,2,0,12/18/2019,6,12/18/2019,7,18,3,15,11,77,12,12,13,10,14,0,0,0,0,0,0
2/13/2018,21244300,4,3,0,0,3/13/2018,28,3/13/2018,7,18,3,15,11,77,12,12,13,10,14,0,0,0,0,0,0
1/31/2018,29191800,3,13,1,0,4/17/2018,76,4/17/2018,7,18,3,15,11,77,12,12,13,10,14,0,0,0,0,0,0
3/30/2018,48282300,5,23,4,0,4/26/2018,27,4/26/2018,7,18,3,15,11,77,12,12,13,10,14,0,0,0,0,0,0
3/1/2019,18437100,3,3,0,0,4/26/2019,56,4/26/2019,7,18,3,15,11,77,12,12,13,10,14,0,0,0,0,0,0
12/19/2017,14588750,3,4,0,0,1/3/2018,15,1/3/2018,7,18,3,15,11,77,12,12,13,10,14,0,0,0,0,0,0
8/1/2018,21095250,2,8,0,0,9/15/2018,45,9/15/2018,7,18,3,15,11,77,12,12,13,10,14,0,0,0,0,0,0
4/1/2019,14621200,2,1,0,0,6/3/2019,63,6/3/2019,7,3,18,15,24,16,11,77,12,12,12,13,17,10,0,0,0
11/3/2017,21924100,4,2,0,0,12/18/2017,45,12/18/2017,7,3,18,15,24,16,11,77,12,12,12,13,17,10,0,0,0
11/24/2018,26798200,4,4,0,0,11/26/2018,2,11/26/2018,7,3,18,15,24,16,11,77,12,12,12,13,17,10,0,0,0
5/26/2020,37848250,6,6,2,0,5/29/2020,3,5/29/2020,7,3,18,15,24,16,11,77,12,12,12,13,17,10,0,0,0
12/24/2019,32971400,6,2,1,0,12/28/2019,4,12/28/2019,7,3,18,15,24,16,11,77,12,12,12,13,17,10,0,0,0
12/25/2018,30899000,6,2,1,0,1/17/2019,23,1/17/2019,7,3,18,15,24,16,11,77,12,12,12,13,17,10,0,0,0
11/6/2018,42444600,6,4,2,0,11/10/2018,4,11/10/2018,7,3,18,15,24,16,11,77,12,12,12,13,17,10,0,0,0
7/7/2018,46929850,8,5,3,0,7/29/2018,22,7/29/2018,7,3,18,15,24,16,11,77,12,12,12,13,17,10,0,0,0
1/8/2020,51326550,7,6,3,0,2/10/2020,33,2/10/2020,7,3,18,15,24,16,11,77,12,12,12,13,17,10,0,0,0
6/13/2019,35781900,4,7,2,0,6/26/2019,13,6/25/2019,7,3,18,15,24,16,11,77,12,12,12,13,17,10,0,0,0
12/14/2019,13310000,3,1,1,0,12/17/2019,3,12/16/2019,89,18,78,16,15,77,82,12,12,12,76,10,83,0,0,0,0
6/17/2019,22670780,4,2,0,0,8/9/2019,53,8/8/2019,89,18,78,16,15,77,82,12,12,12,76,10,83,0,0,0,0
8/31/2018,27082880,4,3,0,0,9/4/2018,4,9/3/2018,89,18,78,16,15,77,82,12,12,12,76,10,83,0,0,0,0
1/17/2019,18522900,3,3,0,0,3/2/2019,44,3/1/2019,89,18,78,16,15,77,82,12,12,12,76,10,83,0,0,0,0
8/18/2017,22974820,6,5,0,0,8/30/2017,12,8/29/2017,89,18,78,16,15,77,82,12,12,12,76,10,83,0,0,0,0
8/19/2018,13970440,1,2,0,0,10/23/2018,65,10/22/2018,89,18,78,16,15,77,82,12,12,12,76,10,83,0,0,0,0
1/29/2019,34082180,5,3,1,0,2/4/2019,6,2/3/2019,89,18,78,16,15,77,82,12,12,12,76,10,83,0,0,0,0
11/30/2019,37693040,5,4,1,0,12/5/2019,5,12/5/2019,89,18,78,16,15,77,82,12,12,12,76,10,83,0,0,0,0
4/1/2020,34688720,5,14,2,0,6/14/2020,74,6/14/2020,89,18,78,16,15,77,82,12,12,12,76,10,83,0,0,0,0
6/5/2019,17563260,4,1,1,0,8/19/2019,75,8/19/2019,89,18,78,16,15,77,82,12,12,12,76,10,83,0,0,0,0
6/14/2019,10836540,1,1,0,0,6/21/2019,7,6/21/2019,89,8,78,16,15,77,82,12,12,12,76,10,83,0,0,0,0
9/18/2019,12062600,2,1,0,0,10/3/2019,15,10/3/2019,89,8,78,16,15,77,82,12,12,12,76,10,83,0,0,0,0
9/13/2019,557084660,5,1,2,0,9/28/2019,15,9/28/2019,89,8,78,16,15,77,82,12,12,12,76,10,83,0,0,0,0
3/18/2019,7728160,3,1,0,0,3/31/2019,13,3/31/2019,89,8,78,16,15,77,82,12,12,12,76,10,83,0,0,0,0
5/10/2019,7644080,3,1,0,0,5/24/2019,14,5/24/2019,89,3,8,78,16,15,77,82,12,12,12,76,10,68,0,0,0
8/19/2019,7222340,3,1,0,0,8/24/2019,5,8/24/2019,89,3,8,78,16,15,77,82,12,12,12,76,10,68,0,0,0
5/13/2019,8918741,4,1,1,0,7/16/2019,64,7/16/2019,89,3,8,78,16,15,77,82,12,12,12,76,10,68,0,0,0
5/14/2019,4993080,2,1,0,0,5/19/2019,5,5/19/2019,89,3,8,78,16,15,77,82,12,12,12,76,10,68,0,0,0
10/22/2019,4740080,2,1,0,0,12/25/2019,64,12/25/2019,89,3,8,78,16,15,77,82,12,12,12,76,10,68,0,0,0
11/22/2019,42503100,10,1,2,0,11/30/2019,8,11/30/2019,89,3,8,78,16,15,77,82,12,12,12,76,10,68,0,0,0
8/23/2019,10808800,5,1,1,0,8/27/2019,4,8/27/2019,89,3,8,78,16,15,77,82,12,12,12,76,10,68,0,0,0
5/17/2019,12965421,5,1,1,0,6/11/2019,25,6/11/2019,89,3,8,78,16,15,77,82,12,12,12,76,10,68,0,0,0
2/15/2019,7559801,3,1,0,0,3/23/2019,36,3/23/2019,89,3,8,78,16,15,77,82,12,12,12,76,10,68,0,0,0
8/23/2019,6280960,2,1,0,0,9/8/2019,16,9/8/2019,89,3,8,78,16,15,77,82,12,12,12,76,10,68,0,0,0
8/21/2019,16116100,1,1,0,0,9/8/2019,18,9/8/2019,7,8,3,15,11,77,12,12,13,10,14,0,0,0,0,0,0
6/17/2019,385331100,10,1,3,0,7/4/2019,17,7/4/2019,7,8,3,15,11,77,12,12,13,10,14,0,0,0,0,0,0
6/27/2019,56146200,5,1,0,0,10/4/2019,99,10/4/2019,7,8,3,15,11,77,12,12,13,10,14,0,0,0,0,0,0
6/26/2019,132220000,9,1,2,0,7/4/2019,8,7/4/2019,7,8,3,15,11,77,12,12,13,10,14,0,0,0,0,0,0
12/27/2019,62398600,6,1,0,0,1/3/2020,7,1/3/2020,7,8,3,15,11,77,12,12,13,10,14,0,0,0,0,0,0
10/1/2019,54997150,5,1,0,0,10/23/2019,22,10/23/2019,7,8,3,15,11,77,12,12,13,10,14,0,0,0,0,0,0
10/31/2019,58579400,5,1,0,0,12/26/2019,56,12/26/2019,7,8,3,15,11,77,12,12,13,10,14,0,0,0,0,0,0
12/30/2019,91446300,9,1,2,0,1/3/2020,4,1/3/2020,7,8,3,15,11,77,12,12,13,10,14,0,0,0,0,0,0
8/30/2019,66471900,6,1,0,0,9/21/2019,22,9/21/2019,7,8,3,15,11,77,12,12,13,10,14,0,0,0,0,0,0
10/9/2019,83471300,8,1,1,0,10/14/2019,5,10/14/2019,7,8,3,15,11,77,12,12,13,10,14,0,0,0,0,0,0
8/26/2020,74727950,7,1,1,0,9/1/2020,6,9/1/2020,7,8,3,15,11,77,12,12,13,10,14,0,0,0,0,0,0
8/31/2018,5063850,3,1,0,0,9/6/2018,6,9/6/2018,7,8,15,11,16,77,12,12,12,76,17,10,0,0,0,0,0
8/27/2020,4081000,2,1,0,0,9/1/2020,5,9/1/2020,7,8,15,11,16,77,12,12,12,76,17,10,0,0,0,0,0
8/28/2020,5994450,4,1,0,0,11/21/2020,85,11/21/2020,7,8,15,11,16,77,12,12,12,76,17,10,0,0,0,0,0
8/29/2018,5988950,4,1,0,0,9/24/2018,26,9/24/2018,7,8,15,11,16,77,12,12,12,76,17,10,0,0,0,0,0
8/24/2020,5653450,4,1,0,0,10/30/2020,67,10/30/2020,7,8,15,11,16,77,12,12,12,76,17,10,0,0,0,0,0
8/21/2020,5150200,3,1,0,0,8/26/2020,5,8/26/2020,7,8,15,11,16,77,12,12,12,76,17,10,0,0,0,0,0
7/28/2020,6888200,6,1,1,0,9/11/2020,45,9/11/2020,7,8,15,11,16,77,12,12,12,76,17,10,0,0,0,0,0
8/30/2018,11621500,10,1,2,0,9/4/2018,5,9/4/2018,7,8,15,11,16,77,12,12,12,76,17,10,0,0,0,0,0
8/25/2020,4138750,2,1,0,0,8/31/2020,6,8/31/2020,7,8,15,11,16,77,12,12,12,76,17,10,0,0,0,0,0
8/5/2020,6900850,6,1,1,0,9/19/2020,45,9/19/2020,7,8,15,11,16,77,12,12,12,76,17,10,0,0,0,0,0
8/4/2020,13902350,5,1,0,0,8/28/2020,24,8/28/2020,3,7,8,15,11,16,24,77,12,12,12,76,17,10,0,0,0
8/1/2018,13712050,5,1,0,0,8/10/2018,9,8/10/2018,3,7,8,15,11,16,24,77,12,12,12,76,17,10,0,0,0
8/3/2020,7759400,4,1,0,0,9/26/2020,54,9/26/2020,3,7,8,15,11,16,24,77,12,12,12,76,17,10,0,0,0
8/6/2020,19256050,5,1,0,0,8/28/2020,22,8/28/2020,3,7,8,15,11,16,24,77,12,12,12,76,17,10,0,0,0
8/7/2018,57467850,11,1,3,0,8/10/2018,3,8/10/2018,3,7,8,15,11,16,24,77,12,12,12,76,17,10,0,0,0
8/8/2018,9700350,7,1,2,0,10/11/2018,64,10/11/2018,3,7,8,15,11,16,24,77,12,12,12,76,17,10,0,0,0
8/2/2018,8820350,6,1,0,0,8/7/2018,5,8/7/2018,3,7,8,15,11,16,24,77,12,12,12,76,17,10,0,0,0
12/29/2017,13512400,8,1,2,0,1/4/2018,6,1/4/2018,3,7,8,15,11,16,24,77,12,12,12,76,17,10,0,0,0
2/23/2018,118043750,11,1,2,0,3/17/2018,22,3/17/2018,3,26,49,8,8,15,11,16,24,77,12,12,12,76,17,10,0
12/24/2018,69891250,3,1,0,0,1/1/2019,8,1/1/2019,3,26,49,8,8,15,11,16,24,77,12,12,12,76,17,10,0
11/8/2018,102278550,5,1,1,0,11/17/2018,9,11/17/2018,3,26,49,8,8,15,11,16,24,77,12,12,12,76,17,10,0
7/9/2018,134096050,6,1,1,0,8/30/2018,52,8/30/2018,3,26,49,8,8,15,11,16,24,77,12,12,12,76,17,10,0
9/5/2017,82866300,4,1,1,0,10/20/2017,45,10/20/2017,3,26,49,8,8,15,11,16,24,77,12,12,12,76,17,10,0
9/10/2018,45090100,8,5,0,0,11/13/2018,64,11/13/2018,3,26,49,8,8,15,11,16,24,77,12,12,12,76,17,10,0
11/16/2018,27241500,1,1,0,0,1/11/2019,56,1/11/2019,3,26,49,8,8,15,11,16,24,77,12,12,12,76,17,10,0
4/6/2020,31264400,3,1,0,0,4/30/2020,24,4/30/2020,3,81,79,0,80,0,0,0,0,0,0,0,0,0,0,0,0
9/10/2018,58794400,5,1,1,0,9/19/2018,9,9/19/2018,3,81,79,0,80,0,0,0,0,0,0,0,0,0,0,0,0
9/8/2017,26864400,2,1,0,0,9/15/2017,7,9/15/2017,3,81,79,0,80,0,0,0,0,0,0,0,0,0,0,0,0
2/16/2017,24284400,2,1,0,0,5/16/2017,89,5/16/2017,3,81,79,0,80,0,0,0,0,0,0,0,0,0,0,0,0
2/18/2020,34724400,3,1,0,0,4/2/2020,44,4/2/2020,3,81,79,0,80,0,0,0,0,0,0,0,0,0,0,0,0
2/28/2020,76434400,7,1,1,0,3/3/2020,4,3/3/2020,3,81,79,0,80,0,0,0,0,0,0,0,0,0,0,0,0
10/31/2017,13564400,1,1,0,0,12/26/2017,56,12/26/2017,3,81,79,0,80,0,0,0,0,0,0,0,0,0,0,0,0
12/29/2017,30754400,3,1,0,0,2/12/2018,45,2/12/2018,3,81,79,0,80,0,0,0,0,0,0,0,0,0,0,0,0
10/30/2019,63594400,6,1,1,0,11/5/2019,6,11/5/2019,3,81,79,0,80,0,0,0,0,0,0,0,0,0,0,0,0
9/29/2017,39964400,3,1,0,0,10/7/2017,8,10/7/2017,3,81,79,0,80,0,0,0,0,0,0,0,0,0,0,0,0
3/13/2018,65244400,6,1,1,0,3/21/2018,8,3/21/2018,3,81,79,0,80,0,0,0,0,0,0,0,0,0,0,0,0
7/12/2018,23784400,2,1,0,0,7/21/2018,9,7/21/2018,3,81,79,0,80,0,0,0,0,0,0,0,0,0,0,0,0
6/17/2020,45504400,4,1,0,0,7/31/2020,44,7/31/2020,3,81,79,0,80,0,0,0,0,0,0,0,0,0,0,0,0
6/16/2020,9978650,1,1,0,0,6/24/2020,8,6/24/2020,7,3,8,15,11,16,15,77,12,12,12,76,50,17,10,0,0
6/14/2019,9384650,1,1,0,0,6/23/2019,9,6/23/2019,7,3,8,15,11,16,15,77,12,12,12,76,50,17,10,0,0
6/14/2019,33509300,4,1,2,0,6/21/2019,7,6/21/2019,7,3,8,15,11,16,15,77,12,12,12,76,50,17,10,0,0
6/13/2018,34400300,4,1,2,0,9/19/2018,98,9/19/2018,7,3,8,15,11,16,15,77,12,12,12,76,50,17,10,0,0
12/6/2019,10234600,2,1,0,0,12/12/2019,6,12/12/2019,7,3,8,15,11,16,15,77,12,12,12,76,50,17,10,0,0
12/5/2019,5664480,5,1,0,0,12/10/2019,5,12/10/2019,7,8,3,15,11,75,12,12,13,17,10,0,0,0,0,0,0
12/3/2019,5727400,5,1,0,0,12/9/2019,6,12/9/2019,7,8,3,15,11,75,12,12,13,17,10,0,0,0,0,0,0
12/3/2018,5672400,5,1,0,0,12/8/2018,5,12/8/2018,7,8,3,15,11,75,12,12,13,17,10,0,0,0,0,0,0
12/3/2018,4907900,4,1,0,0,2/5/2019,64,2/5/2019,7,8,3,15,11,75,12,12,13,17,10,0,0,0,0,0,0
4/18/2019,9263900,9,1,0,0,4/23/2019,5,4/23/2019,7,8,3,15,11,75,12,12,13,17,10,0,0,0,0,0,0
4/17/2020,16436750,16,1,5,0,4/23/2020,6,4/23/2020,7,8,3,15,11,75,12,12,13,17,10,0,0,0,0,0,0
4/16/2020,19155400,19,1,5,0,4/20/2020,4,4/20/2020,7,8,3,15,11,75,12,12,13,17,10,0,0,0,0,0,0
4/16/2018,17308500,1,1,0,0,4/21/2018,5,4/21/2018,3,49,84,7,8,15,11,16,24,77,12,12,12,76,10,0,0
4/13/2018,13667500,13,1,5,0,6/16/2018,64,6/16/2018,7,8,3,15,11,75,12,12,13,17,10,0,0,0,0,0,0
4/13/2020,11422400,11,1,5,0,6/8/2020,56,6/8/2020,7,8,3,15,11,75,12,12,13,17,10,0,0,0,0,0,0
4/12/2018,60669400,60,1,7,0,4/17/2018,5,4/17/2018,7,8,3,15,11,75,12,12,13,17,10,0,0,0,0,0,0
4/11/2019,11125400,11,1,5,0,4/15/2019,4,4/15/2019,7,8,3,15,11,75,12,12,13,17,10,0,0,0,0,0,0
4/10/2019,36513400,36,1,6,0,7/8/2019,89,7/8/2019,7,8,3,15,11,75,12,12,13,17,10,0,0,0,0,0,0
4/9/2020,11807400,11,1,4,0,4/17/2020,8,4/17/2020,7,8,3,15,11,75,12,12,13,17,10,0,0,0,0,0,0
4/8/2020,11741400,11,1,4,0,4/17/2020,9,4/17/2020,7,8,3,15,11,75,12,12,13,17,10,0,0,0,0,0,0
4/7/2020,13083400,13,1,5,0,6/30/2020,84,6/30/2020,7,8,3,15,11,75,12,12,13,17,10,0,0,0,0,0,0
4/6/2018,13600400,13,1,5,0,4/11/2018,5,4/11/2018,7,8,3,15,11,75,12,12,13,17,10,0,0,0,0,0,0
4/5/2017,10388400,10,1,4,0,4/26/2017,21,4/26/2017,7,8,3,15,11,75,12,12,13,17,10,0,0,0,0,0,0
4/4/2019,18418400,18,1,5,0,4/7/2019,3,4/7/2019,7,8,3,15,11,75,12,12,13,17,10,0,0,0,0,0,0
4/3/2020,15369200,15,1,5,0,4/8/2020,5,4/8/2020,7,8,3,15,11,75,12,12,13,17,10,0,0,0,0,0,0
4/2/2020,10881200,10,1,4,0,5/7/2020,35,5/7/2020,7,8,3,15,11,75,12,12,13,17,10,0,0,0,0,0,0
4/1/2020,16601200,16,1,5,0,5/7/2020,36,5/7/2020,7,8,3,15,11,75,12,12,13,17,10,0,0,0,0,0,0
2/14/2019,15341700,15,1,5,0,3/23/2019,37,3/23/2019,7,8,3,15,11,75,12,12,13,17,10,0,0,0,0,0,0
2/13/2018,89681900,8,1,4,0,3/23/2018,38,3/23/2018,7,3,18,15,11,16,9,77,12,12,12,76,17,10,71,0,0
2/12/2019,85459000,8,1,4,0,3/23/2019,39,3/23/2019,7,3,18,15,11,16,9,77,12,12,12,76,17,10,71,0,0
2/11/2019,88350900,8,1,4,0,3/23/2019,40,3/23/2019,7,3,18,15,11,16,9,77,12,12,12,76,17,10,71,0,0
2/9/2018,88823900,8,1,4,0,3/22/2018,41,3/22/2018,7,3,18,15,11,16,9,77,12,12,12,76,17,10,71,0,0
2/9/2017,98265200,9,1,4,0,3/23/2017,42,3/23/2017,7,3,18,15,11,16,9,77,12,12,12,76,17,10,71,0,0
2/8/2018,117276500,11,1,5,0,3/23/2018,43,3/23/2018,7,3,18,15,11,16,9,77,12,12,12,76,17,10,71,0,0
2/7/2019,46766500,4,1,2,0,3/23/2019,44,3/23/2019,7,3,18,15,11,16,9,77,12,12,12,76,17,10,71,0,0
2/6/2020,63046500,6,1,3,0,6/18/2020,133,6/18/2020,7,3,18,15,11,16,9,77,12,12,12,76,17,10,71,0,0
2/5/2020,61416850,6,1,3,0,2/18/2020,13,2/18/2020,7,3,18,15,11,16,9,77,12,12,12,76,17,10,71,0,0
2/4/2019,140358350,14,1,6,0,2/27/2019,23,2/27/2019,7,3,18,15,11,16,9,77,12,12,12,76,17,10,71,0,0
2/3/2020,134023450,13,1,5,0,2/16/2020,13,2/16/2020,7,3,18,15,11,16,9,77,12,12,12,76,17,10,71,0,0
2/2/2017,138093450,13,1,5,0,2/23/2017,21,2/23/2017,7,3,18,15,11,16,9,77,12,12,12,76,17,10,71,0,0
2/1/2018,28351950,2,1,0,0,2/21/2018,20,2/21/2018,7,3,18,15,11,16,9,77,12,12,12,76,17,10,71,0,0
10/12/2018,21863600,2,1,0,0,11/2/2018,21,11/2/2018,7,3,18,15,11,16,9,77,12,12,12,76,17,10,71,0,0
10/11/2017,21414800,3,6,0,0,11/2/2017,22,11/2/2017,7,3,8,15,11,16,9,77,12,12,12,76,17,10,85,0,0
10/10/2018,26452800,4,6,1,0,11/2/2018,23,11/2/2018,7,3,8,15,11,16,9,77,12,12,12,76,17,10,85,0,0
10/9/2018,19560750,2,6,0,0,11/2/2018,24,11/2/2018,7,3,8,15,11,16,9,77,12,12,12,76,17,10,85,0,0
10/8/2018,34652750,5,6,2,0,11/2/2018,25,11/2/2018,7,3,8,15,11,16,9,77,12,12,12,76,17,10,85,0,0
10/6/2017,21029800,3,6,0,0,11/1/2017,26,11/1/2017,7,3,8,15,11,16,9,77,12,12,12,76,17,10,85,0,0
10/6/2017,19042100,2,6,0,0,11/2/2017,27,11/2/2017,7,3,8,15,11,16,9,77,12,12,12,76,17,10,85,0,0
10/5/2017,22218900,3,6,0,0,11/2/2017,28,11/2/2017,7,3,8,15,11,16,9,77,12,12,12,76,17,10,85,0,0
10/4/2019,22594000,3,6,0,0,11/2/2019,29,10/30/2019,7,3,8,15,11,16,9,77,12,12,12,76,17,10,85,0,0
10/3/2018,23900800,3,6,0,0,11/2/2018,30,10/30/2018,7,3,8,15,11,16,9,77,12,12,12,76,17,10,85,0,0
10/2/2018,23049950,3,6,0,0,11/2/2018,31,10/30/2018,7,3,8,15,11,16,9,77,12,12,12,76,17,10,85,0,0
10/31/2019,21933450,3,1,0,0,12/2/2019,32,11/29/2019,7,3,8,15,11,16,9,77,12,12,12,76,17,10,85,0,0
8/31/2018,19300050,2,1,0,0,10/3/2018,33,9/30/2018,7,3,8,15,11,16,9,77,12,12,12,76,17,10,85,0,0
8/30/2019,16290450,2,1,0,0,10/3/2019,34,9/30/2019,7,3,8,15,11,16,9,77,12,12,12,76,17,10,85,0,0
8/28/2020,14235650,2,1,0,0,10/2/2020,35,9/29/2020,7,3,8,15,11,16,9,77,12,12,12,76,17,10,85,0,0
8/28/2020,5988950,5,1,0,0,9/10/2020,13,9/7/2020,7,8,15,11,16,77,12,12,12,76,17,10,0,0,0,0,0
8/24/2020,15800950,2,1,0,0,9/7/2020,14,9/4/2020,7,3,8,15,11,16,9,77,12,12,12,76,17,10,85,0,0
8/23/2017,37057900,4,1,2,0,9/7/2017,15,9/4/2017,7,3,8,15,11,16,9,77,12,12,12,76,17,10,85,0,0
8/22/2017,31843900,4,1,2,0,9/7/2017,16,9/4/2017,7,3,8,15,11,16,9,77,12,12,12,76,17,10,85,0,0
8/20/2018,10297100,2,1,0,0,9/6/2018,17,9/3/2018,7,3,8,15,11,16,9,77,12,12,12,76,17,10,85,0,0
8/19/2020,13849000,2,1,0,0,9/6/2020,18,9/6/2020,7,3,8,15,11,16,9,77,12,12,12,76,17,10,85,0,0
8/18/2020,15754200,2,1,0,0,9/6/2020,19,9/6/2020,7,3,8,15,11,16,9,77,12,12,12,76,17,10,85,0,0
8/8/2017,102643750,11,1,4,0,9/17/2017,40,9/17/2017,7,3,8,15,11,16,9,77,12,12,12,76,17,10,85,0,0
8/7/2018,60172750,7,1,3,0,8/12/2018,5,8/12/2018,7,3,8,15,11,16,9,77,12,12,12,76,17,10,85,0,0
8/6/2018,235501200,24,1,10,0,8/26/2018,20,8/26/2018,7,3,8,15,11,16,9,77,12,12,12,76,17,10,85,0,0
8/5/2018,230231650,24,1,10,0,8/10/2018,5,8/10/2018,7,3,8,15,11,16,9,77,12,12,12,76,17,10,85,0,0
8/4/2020,18347450,2,1,0,0,8/7/2020,3,8/7/2020,7,3,8,15,11,16,9,77,12,12,12,76,17,10,85,0,0
8/1/2019,18721450,2,1,0,0,8/5/2019,4,8/5/2019,7,3,8,15,11,16,9,77,12,12,12,76,17,10,85,0,0
8/2/2019,14739450,2,1,0,0,8/4/2019,2,8/4/2019,7,3,8,15,11,16,9,77,12,12,12,76,17,10,85,0,0
1/7/2019,14634950,2,1,0,0,1/11/2019,4,1/11/2019,7,3,8,15,11,16,9,77,12,12,12,76,17,10,85,0,0
1/7/2019,391202350,40,1,10,0,2/10/2019,34,2/10/2019,7,3,8,15,11,16,9,77,12,12,12,76,17,10,85,0,0
1/4/2019,23532300,3,1,0,0,1/6/2019,2,1/6/2019,7,3,8,15,11,16,9,77,12,12,12,76,17,10,85,0,0
1/4/2017,54538000,6,1,2,0,1/7/2017,3,1/7/2017,7,3,8,15,11,16,9,77,12,12,12,76,17,10,85,0,0
1/3/2020,21988900,3,1,0,0,1/8/2020,5,1/8/2020,7,3,8,15,11,16,9,77,12,12,12,76,17,10,85,0,0
1/2/2019,24028400,3,1,0,0,1/6/2019,4,1/6/2019,7,3,8,15,11,16,9,77,12,12,12,76,17,10,85,0,0
1/1/2020,23404150,3,1,0,0,3/7/2019,5,3/7/2019,7,3,8,15,11,16,9,77,12,12,12,76,17,10,85,0,0
1/31/2019,26831750,3,1,0,0,2/4/2019,4,2/4/2019,7,3,8,15,11,16,9,77,12,12,12,76,17,10,85,0,0
1/30/2020,23255650,3,1,0,0,2/2/2020,3,2/2/2020,7,3,8,15,11,16,9,77,12,12,12,76,17,10,85,0,0
3/18/2019,8305550,1,1,0,0,4/9/2019,22,4/9/2019,7,3,8,15,11,16,9,77,12,12,12,76,17,10,85,0,0
3/10/2020,10925200,2,1,0,0,3/16/2020,6,3/16/2020,7,3,8,15,11,16,9,77,12,12,12,76,17,10,85,0,0
4/10/2019,21151450,3,1,0,0,4/13/2019,3,4/13/2019,7,3,8,15,11,16,9,77,12,12,12,76,17,10,85,0,0
4/11/2017,59962650,6,1,2,0,4/15/2017,4,4/15/2017,7,3,8,15,11,16,9,77,12,12,12,76,17,10,85,0,0
7/11/2017,14675100,2,1,0,0,9/1/2017,52,9/1/2017,7,3,8,15,11,16,9,77,12,12,12,76,17,10,85,0,0
7/18/2018,12998700,2,1,0,0,7/21/2018,3,7/21/2018,7,3,8,15,11,16,9,77,12,12,12,76,17,10,85,0,0
5/21/2019,13657600,2,1,0,0,5/25/2019,4,5/25/2019,7,3,8,15,11,16,9,77,12,12,12,76,17,10,85,0,0
5/1/2019,44316800,4,1,1,0,5/24/2019,23,5/24/2019,3,7,8,15,11,16,24,77,12,12,12,13,17,10,0,0,0
5/31/2019,16422450,1,1,0,0,6/4/2019,4,6/4/2019,3,7,8,15,11,16,24,77,12,12,12,13,17,10,0,0,0
5/30/2019,67099450,6,1,2,0,7/29/2019,60,7/29/2019,3,7,8,15,11,16,24,77,12,12,12,13,17,10,0,0,0
5/29/2019,99945450,9,1,3,0,6/4/2019,6,6/4/2019,3,7,8,15,11,16,24,77,12,12,12,13,17,10,0,0,0
12/29/2017,35607550,3,1,0,0,2/24/2018,57,2/24/2018,3,7,8,15,11,16,24,77,12,12,12,13,17,10,0,0,0
12/27/2019,17166050,1,1,0,0,1/6/2020,10,1/6/2020,3,7,8,15,11,16,24,77,12,12,12,13,17,10,0,0,0
11/27/2019,20334050,2,1,0,0,12/8/2019,11,12/8/2019,3,7,8,15,11,16,24,77,12,12,12,13,17,10,0,0,0
11/26/2019,24420550,2,1,0,0,12/8/2019,12,12/8/2019,3,7,8,15,11,16,24,77,12,12,12,13,17,10,0,0,0
8/16/2019,8512350,1,1,0,0,8/29/2019,13,8/29/2019,3,7,8,15,11,16,24,77,12,12,12,13,17,10,0,0,0
9/16/2019,30249450,3,1,0,0,9/30/2019,14,9/30/2019,3,7,8,15,11,16,24,77,12,12,12,13,17,10,0,0,0
11/15/2019,31163550,3,1,0,0,11/30/2019,15,11/30/2019,3,7,8,15,11,16,24,77,12,12,12,13,17,10,0,0,0
11/9/2018,27644650,2,1,0,0,11/25/2018,16,11/25/2018,3,7,8,15,11,16,24,77,12,12,12,13,17,10,0,0,0
11/10/2017,25642100,2,1,0,0,11/27/2017,17,11/27/2017,3,7,8,15,11,16,24,77,12,12,12,13,17,10,0,0,0
9/11/2017,26283400,2,1,0,0,9/29/2017,18,9/29/2017,3,7,8,15,11,16,24,77,12,12,12,13,17,10,0,0,0
11/1/2017,13664200,1,1,0,0,11/20/2017,19,11/20/2017,3,7,8,15,11,16,24,77,12,12,12,13,17,10,0,0,0
8/1/2018,26618350,3,1,0,0,8/15/2018,14,8/15/2018,7,3,8,15,16,77,9,77,12,12,12,76,17,10,0,0,0
8/1/2019,22593450,3,1,0,0,8/15/2019,14,8/15/2019,7,3,8,15,16,77,9,77,12,12,12,76,17,10,0,0,0
8/16/2017,98075450,10,1,4,0,9/5/2017,20,9/5/2017,7,3,8,15,16,77,9,77,12,12,12,76,17,10,0,0,0
8/15/2018,92615600,10,1,4,0,9/25/2018,41,9/25/2018,7,3,8,15,16,77,9,77,12,12,12,76,17,10,0,0,0
3/15/2017,37635400,4,1,0,0,3/26/2017,11,3/26/2017,7,3,8,15,16,77,9,77,12,12,12,76,17,10,0,0,0
3/19/2019,28579100,3,1,0,0,3/31/2019,12,3/31/2019,7,3,8,15,16,77,9,77,12,12,12,76,17,10,0,0,0
6/19/2020,28240300,3,1,0,0,7/2/2020,13,7/2/2020,7,3,8,15,16,77,9,77,12,12,12,76,17,10,0,0,0
6/12/2018,26424200,3,1,0,0,6/26/2018,14,6/26/2018,7,3,8,15,16,77,9,77,12,12,12,76,17,10,0,0,0
6/22/2018,26645300,3,1,0,0,7/10/2018,18,7/10/2018,7,3,8,15,16,77,9,77,12,12,12,76,17,10,0,0,0
2/22/2018,24885300,3,1,0,0,3/25/2018,31,3/25/2018,7,3,8,15,16,77,9,77,12,12,12,76,17,10,0,0,0
11/6/2020,27305850,3,1,0,0,11/10/2020,4,11/10/2020,7,3,8,15,16,77,9,77,12,12,12,76,17,10,0,0,0
4/11/2019,32764400,0,0,0,0,4/25/2019,14,4/25/2019,3,81,79,80,0,0,0,0,0,0,0,0,0,0,0,0,0
5/11/2020,73263850,8,1,3,0,5/18/2020,7,5/18/2020,7,3,8,15,16,77,9,77,12,12,12,76,17,10,0,0,0
5/31/2017,14886850,2,1,0,0,6/4/2017,4,6/4/2017,7,3,8,15,16,77,9,77,12,12,12,76,17,10,0,0,0
7/31/2018,14095950,2,1,0,0,8/16/2018,16,8/16/2018,7,3,8,15,16,77,9,77,12,12,12,76,17,10,0,0,0
3/20/2020,20277950,3,1,0,0,4/4/2020,15,4/4/2020,7,3,8,15,16,77,9,77,12,12,12,76,17,10,0,0,0
3/20/2018,185949522,19,1,10,0,3/30/2018,10,3/30/2018,7,3,8,15,24,16,11,77,12,12,12,13,17,10,0,0,0
11/20/2017,34021922,4,1,0,0,11/26/2017,6,11/26/2017,7,3,8,15,24,16,11,77,12,12,12,13,17,10,0,0,0
11/30/2018,13310550,2,1,0,0,1/10/2019,41,1/10/2019,7,3,8,15,24,16,11,77,12,12,12,13,17,10,0,0,0
9/29/2017,31458350,4,1,0,0,10/22/2017,23,10/22/2017,7,3,8,15,24,16,11,77,12,12,12,13,17,10,0,0,0
4/21/2020,53422600,6,1,2,0,4/28/2020,7,4/28/2020,7,3,8,15,24,16,11,77,12,12,12,13,17,10,0,0,0
7/21/2020,15686000,2,1,0,0,8/7/2020,17,8/7/2020,7,3,8,15,24,16,11,77,12,12,12,13,17,10,0,0,0
7/1/2019,14374800,2,1,0,0,7/11/2019,10,7/11/2019,7,3,8,15,24,16,11,77,12,12,12,13,17,10,0,0,0
5/19/2020,10929050,2,1,0,0,5/27/2020,8,5/27/2020,7,3,8,15,24,16,11,77,12,12,12,13,17,10,0,0,0
5/9/2017,21781000,2,1,0,0,6/6/2017,28,6/6/2017,7,3,18,19,39,21,22,75,12,12,12,13,10,0,0,0,0
5/8/2018,15544000,1,1,0,0,5/10/2018,2,5/10/2018,7,3,18,19,39,21,22,75,12,12,12,13,10,0,0,0,0
5/7/2020,13520000,1,1,0,0,5/15/2020,8,5/15/2020,7,3,18,19,39,21,22,75,12,12,12,13,10,0,0,0,0
5/6/2020,40294000,4,1,2,0,5/8/2020,2,5/8/2020,7,3,18,19,39,21,22,75,12,12,12,13,10,0,0,0,0
5/5/2020,9252000,1,1,0,0,7/26/2020,82,7/26/2020,7,3,18,19,39,21,22,75,12,12,12,13,10,0,0,0,0
5/1/2020,7899000,1,1,0,0,5/9/2020,8,5/9/2020,7,3,18,19,39,21,22,75,12,12,12,13,10,0,0,0,0
1/1/2018,58985850,5,1,0,0,1/27/2018,26,1/27/2018,3,7,8,15,11,16,9,77,12,12,12,76,17,10,71,0,0
1/3/2019,41094350,4,1,1,0,1/5/2019,2,1/5/2019,3,7,8,15,11,16,9,77,12,12,12,76,17,10,71,0,0
8/3/2020,53735000,5,1,1,0,8/9/2020,6,8/9/2020,3,7,8,15,11,16,9,77,12,12,12,76,17,10,71,0,0
12/20/2019,56079100,5,1,1,0,1/14/2020,25,1/14/2020,3,7,8,15,11,16,9,77,12,12,12,76,17,10,71,0,0
6/21/2019,25559237,3,1,0,0,6/23/2019,2,6/23/2019,7,3,8,15,24,16,11,77,12,12,12,13,17,10,0,0,0
10/2/2020,132000000,10,1,2,0,10/7/2020,5,10/7/2020,7,8,3,15,11,77,12,12,13,10,14,0,0,0,0,0,0
1/2/2019,20709700,4,4,2,0,1/7/2019,5,1/7/2019,3,26,49,8,15,11,16,24,77,12,76,0,0,0,0,0,0
10/6/2020,21249800,4,4,2,0,10/31/2020,25,10/31/2020,3,26,49,8,15,11,16,24,77,12,76,0,0,0,0,0,0
10/3/2017,19357800,3,4,0,0,10/24/2017,21,10/24/2017,3,26,49,8,15,11,16,24,77,12,76,0,0,0,0,0,0
10/9/2017,18795700,3,4,0,0,10/14/2017,5,10/14/2017,3,26,49,8,15,11,16,24,77,12,76,0,0,0,0,0,0
4/3/2020,21706300,4,4,2,0,4/28/2020,25,4/28/2020,3,26,49,8,15,11,16,24,77,12,76,0,0,0,0,0,0
8/12/2019,18924400,5,10,2,0,9/7/2019,26,9/7/2019,3,81,79,80,0,0,0,0,0,0,0,0,0,0,0,0,0
7/9/2018,16537400,3,10,1,0,7/11/2018,2,7/11/2018,3,81,79,80,0,0,0,0,0,0,0,0,0,0,0,0,0
9/10/2018,14304400,1,10,0,0,11/25/2018,76,11/25/2018,3,81,79,80,0,0,0,0,0,0,0,0,0,0,0,0,0
9/2/2019,7670400,4,10,2,0,9/24/2019,22,9/24/2019,3,81,79,80,0,0,0,0,0,0,0,0,0,0,0,0,0
9/1/2017,14580500,1,6,0,0,9/4/2017,3,9/3/2017,3,7,8,15,15,16,11,75,76,17,10,0,0,0,0,0,0
7/22/2020,15647500,1,6,0,0,10/13/2020,83,10/12/2020,3,7,8,15,15,16,11,75,76,17,10,0,0,0,0,0,0
10/8/2019,15867500,1,6,0,0,10/19/2019,11,10/18/2019,3,7,8,15,15,16,11,75,76,17,10,0,0,0,0,0,0
7/24/2020,15196500,1,6,0,0,8/31/2020,38,8/30/2020,3,7,8,15,15,16,11,75,76,17,10,0,0,0,0,0,0
10/16/2019,15152500,2,10,1,0,10/20/2019,4,10/19/2019,3,7,8,15,15,16,11,75,76,17,10,0,0,0,0,0,0
9/16/2019,16109500,2,6,0,0,9/25/2019,9,9/24/2019,3,7,8,15,15,16,11,75,76,17,10,0,0,0,0,0,0
8/6/2018,15763000,1,6,0,0,9/24/2018,49,9/23/2018,3,7,8,15,15,16,11,75,76,17,10,0,0,0,0,0,0
9/15/2017,16307000,7,5,3,0,9/19/2017,4,9/18/2017,7,3,18,69,24,12,13,17,86,50,0,0,0,0,0,0,0
10/1/2019,16417000,7,5,3,0,10/10/2019,9,10/10/2019,7,3,18,69,24,12,13,17,86,50,0,0,0,0,0,0,0
9/1/2017,17473000,8,5,4,0,10/4/2017,33,10/4/2017,7,3,18,69,24,12,13,17,86,50,0,0,0,0,0,0,0
8/1/2018,17320100,8,5,4,0,8/5/2018,4,8/5/2018,7,3,18,69,24,12,13,17,86,50,0,0,0,0,0,0,0
7/30/2020,7650100,9,5,4,0,8/8/2020,9,8/8/2020,7,3,18,69,24,12,13,17,86,50,0,0,0,0,0,0,0
8/31/2017,17358600,8,5,4,0,10/2/2017,32,10/2/2017,7,3,18,69,24,12,13,17,86,50,0,0,0,0,0,0,0
9/22/2017,16187100,7,5,3,0,10/4/2017,12,10/4/2017,7,3,18,69,24,12,13,17,86,50,0,0,0,0,0,0,0
10/15/2019,16330100,7,5,3,0,10/28/2019,13,10/28/2019,7,3,18,69,24,12,13,17,86,50,0,0,0,0,0,0,0
10/1/2020,16220100,7,5,4,0,10/18/2020,17,10/18/2020,7,3,18,69,24,12,13,17,86,50,0,0,0,0,0,0,0
8/3/2018,17133100,8,5,1,0,8/17/2018,14,8/17/2018,7,3,18,69,24,12,13,17,86,50,0,0,0,0,0,0,0
9/11/2020,12721500,1,5,1,0,12/18/2020,98,12/18/2020,7,18,15,11,16,24,77,12,76,17,71,0,0,0,0,0,0
10/2/2017,12556500,1,5,2,0,12/26/2017,85,12/26/2017,7,18,15,11,16,24,77,12,76,17,71,0,0,0,0,0,0
10/10/2017,13634500,3,5,2,0,11/1/2017,22,11/1/2017,7,18,15,11,16,24,77,12,76,17,71,0,0,0,0,0,0
10/16/2020,14107500,4,5,2,0,11/7/2020,22,11/7/2020,7,18,15,11,16,24,77,12,76,17,71,0,0,0,0,0,0
9/17/2018,14052500,4,5,2,0,10/9/2018,22,10/9/2018,7,18,15,11,16,24,77,12,76,17,71,0,0,0,0,0,0
9/9/2020,14054700,4,5,2,0,10/1/2020,22,10/1/2020,7,18,15,11,16,24,77,12,76,17,71,0,0,0,0,0,0
9/11/2019,13757700,3,5,1,0,10/3/2019,22,10/3/2019,7,18,15,11,16,24,77,12,76,17,71,0,0,0,0,0,0
9/11/2020,13135100,2,5,1,0,10/4/2020,23,10/4/2020,7,18,15,11,16,24,77,12,76,17,71,0,0,0,0,0,0
10/28/2019,12948100,1,5,1,0,11/18/2019,21,11/18/2019,7,18,15,11,16,24,77,12,76,17,71,0,0,0,0,0,0
8/3/2018,12882100,1,5,1,0,8/24/2018,21,8/24/2018,7,18,15,11,16,24,77,12,76,17,71,0,0,0,0,0,0
9/3/2020,6065400,3,2,1,0,11/7/2020,65,11/7/2020,7,18,15,11,16,77,12,76,17,0,0,0,0,0,0,0,0
9/9/2020,5922400,2,2,0,0,9/25/2020,16,9/25/2020,7,18,15,11,16,77,12,76,17,0,0,0,0,0,0,0,0
8/31/2018,6142400,3,2,1,0,9/15/2018,15,9/15/2018,7,18,15,11,16,77,12,76,17,0,0,0,0,0,0,0,0
9/7/2017,5999400,2,2,0,0,10/11/2017,34,10/11/2017,7,18,15,11,16,77,12,76,17,0,0,0,0,0,0,0,0
8/24/2018,6769400,4,2,2,0,8/26/2018,2,8/26/2018,7,18,15,11,16,77,12,76,17,0,0,0,0,0,0,0,0
9/11/2018,6142400,3,2,1,0,9/16/2018,5,9/16/2018,7,18,15,11,16,77,12,76,17,0,0,0,0,0,0,0,0
6/8/2018,6147900,3,2,1,0,6/25/2018,17,6/25/2018,7,18,15,11,16,77,12,76,17,0,0,0,0,0,0,0,0
6/10/2020,10289400,3,4,0,0,8/5/2020,56,8/5/2020,7,3,18,15,11,16,15,77,12,76,0,0,0,0,0,0,0
6/14/2018,10520400,3,4,0,0,7/29/2018,45,7/29/2018,7,3,18,15,11,16,15,77,12,76,0,0,0,0,0,0,0
6/17/2019,10740400,3,4,2,0,6/24/2019,7,6/24/2019,7,3,18,15,11,16,15,77,12,76,0,0,0,0,0,0,0
6/18/2018,10960400,3,4,2,0,8/25/2018,68,8/25/2018,7,3,18,15,11,16,15,77,12,76,0,0,0,0,0,0,0
6/20/2017,11716100,3,4,3,0,8/26/2017,67,8/26/2017,7,3,18,15,11,16,15,77,12,76,0,0,0,0,0,0,0
7/3/2019,11936100,3,4,3,0,7/11/2019,8,7/11/2019,7,3,18,15,11,16,15,77,12,76,0,0,0,0,0,0,0
7/5/2019,10406000,3,4,0,0,7/11/2019,6,7/11/2019,7,3,18,15,11,16,15,77,12,76,0,0,0,0,0,0,0
7/21/2017,10626000,2,1,0,0,7/25/2017,4,7/25/2017,7,3,18,15,11,16,15,77,12,76,0,0,0,0,0,0,0
7/10/2017,10635900,3,4,2,0,7/16/2017,6,7/16/2017,7,3,18,15,11,16,15,77,12,76,0,0,0,0,0,0,0
7/10/2020,10195900,3,4,0,0,7/24/2020,14,7/24/2020,7,3,18,15,11,16,15,77,12,76,0,0,0,0,0,0,0
7/13/2020,10085900,3,4,0,0,7/26/2020,13,7/26/2020,7,3,18,15,11,16,15,77,12,76,0,0,0,0,0,0,0
7/15/2019,10316900,3,4,0,0,8/7/2019,23,8/7/2019,7,3,18,15,11,16,15,77,12,76,0,0,0,0,0,0,0
7/17/2019,10426900,3,4,0,0,7/21/2019,4,7/21/2019,7,3,18,15,11,16,15,77,12,76,0,0,0,0,0,0,0
7/19/2017,9891200,2,4,0,0,8/11/2017,23,8/11/2017,7,3,18,15,11,16,15,77,12,76,0,0,0,0,0,0,0
7/6/2018,9660200,2,4,0,0,8/17/2018,42,8/17/2018,7,3,18,15,11,16,15,77,12,76,0,0,0,0,0,0,0
7/5/2018,10415900,3,4,0,0,7/8/2018,3,7/8/2018,7,3,18,15,11,16,15,77,12,76,0,0,0,0,0,0,0
7/25/2019,10635900,3,4,2,0,7/30/2019,5,7/30/2019,7,3,18,15,11,16,15,77,12,76,0,0,0,0,0,0,0
7/27/2018,10404900,3,4,0,0,7/29/2018,2,7/29/2018,7,3,18,15,11,16,15,77,12,76,0,0,0,0,0,0,0
8/1/2019,10514900,3,4,0,0,8/23/2019,22,8/23/2019,7,3,18,15,11,16,15,77,12,76,0,0,0,0,0,0,0
8/3/2018,10525900,3,0,1,0,8/5/2018,2,8/5/2018,7,3,18,15,11,16,15,77,12,76,0,0,0,0,0,0,0
8/5/2020,10745900,3,4,2,0,9/4/2020,30,9/4/2020,7,3,18,15,11,16,15,77,12,76,0,0,0,0,0,0,0
7/18/2017,11163900,3,4,0,0,7/20/2017,2,7/20/2017,7,3,18,15,11,16,15,77,12,76,0,0,0,0,0,0,0
7/19/2017,5631700,4,1,0,0,8/8/2017,20,8/8/2017,7,18,3,15,11,75,12,13,17,10,0,0,0,0,0,0,0
7/21/2017,5741700,4,1,0,0,7/26/2017,5,7/26/2017,7,18,3,15,11,75,12,13,17,10,0,0,0,0,0,0,0
7/25/2018,5455700,3,1,0,0,7/31/2018,6,7/31/2018,7,18,3,15,11,75,12,13,17,10,0,0,0,0,0,0,0
7/27/2018,5543700,3,1,0,0,8/1/2018,5,8/1/2018,7,18,3,15,11,75,12,13,17,10,0,0,0,0,0,0,0
7/29/2019,4652700,2,1,0,0,8/5/2019,7,8/5/2019,7,18,3,15,11,75,12,13,17,10,0,0,0,0,0,0,0
8/1/2018,4962900,2,1,0,0,8/11/2018,10,8/11/2018,7,18,3,15,11,75,12,13,17,10,0,0,0,0,0,0,0
8/3/2017,4852900,2,1,0,0,8/7/2017,4,8/7/2017,7,18,3,15,11,75,12,13,17,10,0,0,0,0,0,0,0
8/6/2018,5149900,3,1,0,0,9/29/2018,54,9/29/2018,7,18,3,15,11,75,12,13,17,10,0,0,0,0,0,0,0
8/7/2017,5369900,3,1,0,0,8/13/2017,6,8/13/2017,7,18,3,15,11,75,12,13,17,10,0,0,0,0,0,0,0
8/9/2019,5666900,4,1,0,0,8/16/2019,7,8/16/2019,7,18,3,15,11,75,12,13,17,10,0,0,0,0,0,0,0
8/11/2020,5963900,4,1,0,0,8/22/2020,11,8/22/2020,7,18,3,15,11,75,12,13,17,10,0,0,0,0,0,0,0
8/17/2017,6183900,5,1,1,0,8/21/2017,4,8/21/2017,7,18,3,15,11,75,12,13,17,10,0,0,0,0,0,0,0
8/19/2019,6040900,5,1,1,0,8/24/2019,5,8/28/2019,7,18,3,15,11,75,12,13,17,10,0,0,0,0,0,0,0
8/28/2017,5193900,3,1,0,0,9/1/2017,4,9/5/2017,7,18,3,15,11,75,12,13,17,10,0,0,0,0,0,0,0
8/24/2020,5180700,3,1,0,0,8/29/2020,5,9/2/2020,7,18,3,15,11,75,12,13,17,10,0,0,0,0,0,0,0
8/24/2018,4883700,2,1,0,0,8/28/2018,4,9/1/2018,7,18,3,15,11,75,12,13,17,10,0,0,0,0,0,0,0
8/27/2019,5103700,3,1,0,0,8/30/2019,3,9/3/2019,7,18,3,15,11,75,12,13,17,10,0,0,0,0,0,0,0
8/28/2020,5213700,3,1,0,0,9/1/2020,4,9/5/2020,7,18,3,15,11,75,12,13,17,10,0,0,0,0,0,0,0
8/14/2018,5510700,3,1,0,0,8/19/2018,5,8/23/2018,7,18,3,15,11,75,12,13,17,10,0,0,0,0,0,0,0
9/4/2017,5505200,3,1,0,0,9/6/2017,2,9/10/2017,7,18,3,15,11,75,12,13,17,10,0,0,0,0,0,0,0
9/5/2019,6719600,6,1,2,0,9/8/2019,3,9/12/2019,7,18,3,15,11,75,12,13,17,10,0,0,0,0,0,0,0
6/19/2020,6422600,5,1,1,0,6/23/2020,4,6/27/2020,7,18,3,15,11,75,12,13,17,10,0,0,0,0,0,0,0
6/21/2019,13094400,2,5,1,0,7/2/2019,11,7/6/2019,7,3,18,15,16,11,9,77,12,76,17,0,0,0,0,0,0
6/22/2018,13061400,2,5,1,0,7/4/2018,12,7/8/2018,7,3,18,15,16,11,9,77,12,76,17,0,0,0,0,0,0
7/3/2019,13292400,2,5,1,0,7/16/2019,13,7/20/2019,7,3,18,15,16,11,9,77,12,76,17,0,0,0,0,0,0
7/6/2020,13150500,2,5,1,0,7/20/2020,14,7/24/2020,7,3,18,15,16,11,9,77,12,76,17,0,0,0,0,0,0
7/8/2020,13381500,2,5,1,0,7/23/2020,15,7/23/2020,7,3,18,15,16,11,9,77,12,76,17,0,0,0,0,0,0
7/13/2018,13612500,3,5,1,0,7/29/2018,16,7/29/2018,7,3,18,15,16,11,9,77,12,76,17,0,0,0,0,0,0
7/16/2018,13237400,2,5,1,0,8/2/2018,17,8/2/2018,7,3,18,15,16,11,9,77,12,76,17,0,0,0,0,0,0
7/16/2020,13220900,2,5,1,0,8/3/2020,18,8/3/2020,7,3,18,15,16,11,9,77,12,76,17,0,0,0,0,0,0
7/17/2017,13303400,2,5,1,0,8/5/2017,19,8/5/2017,7,3,18,15,16,11,9,77,12,76,17,0,0,0,0,0,0
7/17/2020,13072400,2,5,1,0,8/6/2020,20,8/6/2020,7,3,18,15,16,11,9,77,12,76,17,0,0,0,0,0,0
1/1/2020,14848350,4,13,1,0,2/4/2020,34,2/4/2020,3,7,18,15,11,78,24,77,12,12,12,76,17,10,0,0,0
1/2/2020,9990000,3,13,0,0,1/5/2020,3,1/5/2020,3,7,18,15,11,78,24,77,12,12,12,76,17,10,0,0,0
1/3/2020,10043000,4,13,1,0,1/6/2020,3,1/6/2020,3,7,18,15,11,78,24,77,12,12,12,76,17,10,0,0,0
1/6/2020,10670000,4,13,1,0,2/7/2020,32,2/7/2020,3,7,18,15,11,78,24,77,12,12,12,76,17,10,0,0,0
1/7/2020,47080000,11,13,4,0,1/11/2020,4,1/11/2020,3,7,18,15,11,78,24,77,12,12,12,76,17,10,0,0,0
1/8/2020,1111000,2,13,1,0,2/11/2020,34,2/11/2020,3,7,18,15,11,78,24,77,12,12,12,76,17,10,0,0,0
1/9/2020,15070000,4,13,1,0,1/12/2020,3,1/12/2020,3,7,18,15,11,78,24,77,12,12,12,76,17,10,0,0,0
1/10/2020,15136000,4,13,1,0,1/21/2020,11,1/21/2020,3,7,18,15,11,78,24,77,12,12,12,76,17,10,0,0,0
1/13/2020,17226000,5,13,1,0,3/29/2020,76,3/29/2020,3,7,18,15,11,78,24,77,12,12,12,76,17,10,0,0,0
1/14/2020,14916000,4,13,1,0,1/19/2020,5,1/19/2020,3,7,18,15,11,78,24,77,12,12,12,76,17,10,0,0,0
1/15/2020,15433000,4,13,1,0,3/22/2020,67,3/22/2020,3,7,18,15,11,78,24,77,12,12,12,76,17,10,0,0,0
1/16/2020,15763000,4,13,1,0,2/7/2020,22,2/7/2020,3,7,18,15,11,78,24,77,12,12,12,76,17,10,0,0,0
1/17/2020,22253000,6,13,2,0,3/22/2020,65,3/22/2020,3,7,18,15,11,78,24,77,12,12,12,76,17,10,0,0,0
1/20/2020,13156000,4,13,1,0,3/11/2020,51,3/11/2020,3,7,18,15,11,78,24,77,12,12,12,76,17,10,0,0,0
1/21/2020,12386000,4,13,1,0,1/23/2020,2,1/23/2020,3,7,18,15,11,78,24,77,12,12,12,76,17,10,0,0,0
1/22/2020,11066000,4,13,1,0,2/4/2020,13,2/4/2020,3,7,18,15,11,78,24,77,12,12,12,76,17,10,0,0,0
1/23/2020,10593000,4,13,1,0,3/8/2020,45,3/8/2020,3,7,18,15,11,78,24,77,12,12,12,76,17,10,0,0,0
1/24/2020,10912000,4,13,1,0,2/10/2020,17,2/10/2020,3,7,18,15,11,78,24,77,12,12,12,76,17,10,0,0,0
1/27/2020,11033000,4,13,1,0,3/12/2020,45,3/12/2020,3,7,18,15,11,78,24,77,12,12,12,76,17,10,0,0,0
1/28/2020,17028000,5,13,1,0,2/12/2020,15,2/12/2020,3,7,18,15,11,78,24,77,12,12,12,76,17,10,0,0,0
1/29/2020,17138000,5,13,1,0,3/3/2020,34,3/3/2020,3,7,18,15,11,78,24,77,12,12,12,76,17,10,0,0,0
1/30/2020,17050000,5,13,1,0,2/22/2020,23,2/22/2020,3,7,18,15,11,78,24,77,12,12,12,76,17,10,0,0,0
1/31/2020,18040000,5,13,1,0,3/13/2020,42,3/13/2020,3,7,18,15,11,78,24,77,12,12,12,76,17,10,0,0,0
2/3/2020,20350000,6,13,2,0,3/8/2020,34,3/8/2020,3,7,18,15,11,78,24,77,12,12,12,76,17,10,0,0,0
2/4/2020,20823000,6,13,2,0,2/7/2020,3,2/7/2020,3,7,18,15,11,78,24,77,12,12,12,76,17,10,0,0,0
2/5/2020,28578000,7,13,2,0,2/28/2020,23,2/28/2020,3,7,18,15,11,78,24,77,12,12,12,76,17,10,0,0,0
2/6/2020,17556000,5,13,1,0,2/28/2020,22,2/28/2020,3,7,18,15,11,78,24,77,12,12,12,76,17,10,0,0,0
2/7/2020,14421000,4,13,1,0,3/1/2020,23,3/1/2020,3,7,18,15,11,78,24,77,12,12,12,76,17,10,0,0,0
2/10/2020,13354000,4,13,1,0,2/15/2020,5,2/15/2020,3,7,18,15,11,78,24,77,12,12,12,76,17,10,0,0,0
2/11/2020,13849000,4,13,1,0,3/27/2020,45,3/27/2020,3,7,18,15,11,78,24,77,12,12,12,76,17,10,0,0,0
2/12/2020,14531000,4,13,1,0,3/17/2020,34,3/17/2020,3,7,18,15,11,78,24,77,12,12,12,76,17,10,0,0,0
2/13/2020,14707000,4,13,1,0,4/6/2020,53,4/6/2020,3,7,18,15,11,78,24,77,12,12,12,76,17,10,0,0,0
2/14/2020,22033000,6,13,2,0,3/30/2020,45,3/30/2020,3,7,18,15,11,78,24,77,12,12,12,76,17,10,0,0,0
2/17/2020,23441000,6,13,2,0,3/3/2020,15,3/3/2020,3,7,18,15,11,78,24,77,12,12,12,76,17,10,0,0,0
2/18/2020,27401000,7,13,2,0,3/23/2020,34,3/23/2020,3,7,18,15,11,78,24,77,12,12,12,76,17,10,0,0,0
2/19/2020,20834000,6,13,2,0,2/24/2020,5,2/24/2020,3,7,18,15,11,78,24,77,12,12,12,76,17,10,0,0,0
2/20/2020,21857000,6,13,2,0,3/25/2020,34,3/25/2020,3,7,18,15,11,78,24,77,12,12,12,76,17,10,0,0,0
2/21/2020,22957000,6,13,2,0,4/14/2020,53,4/14/2020,3,7,18,15,11,78,24,77,12,12,12,76,17,10,0,0,0
2/24/2020,40777000,10,13,4,0,4/9/2020,45,4/9/2020,3,7,18,15,11,78,24,77,12,12,12,76,17,10,0,0,0
2/25/2020,39963000,9,13,3,0,3/16/2020,20,3/16/2020,3,7,18,15,11,78,24,77,12,12,12,76,17,10,0,0,0
2/26/2020,30547000,8,13,3,0,3/31/2020,34,3/31/2020,3,7,18,15,11,78,24,77,12,12,12,76,17,10,0,0,0
2/27/2020,27192000,6,13,2,0,3/4/2020,6,3/4/2020,3,7,18,15,11,78,24,77,12,12,12,76,17,10,0,0,0
2/28/2020,24376000,5,13,2,0,4/24/2020,56,4/24/2020,3,7,18,15,11,78,24,77,12,12,12,76,17,10,0,0,0
3/2/2020,26631000,6,13,2,0,3/7/2020,5,3/7/2020,3,7,18,15,11,78,24,77,12,12,12,76,17,10,0,0,0
3/3/2020,25190000,5,13,2,0,3/9/2020,6,3/9/2020,3,7,18,15,11,78,24,77,12,12,12,76,17,10,0,0,0
3/4/2020,21538000,5,13,2,0,4/3/2020,30,4/3/2020,3,7,18,15,11,78,24,77,12,12,12,76,17,10,0,0,0
3/5/2020,26158000,6,13,2,0,3/11/2020,6,3/11/2020,3,7,18,15,11,78,24,77,12,12,12,76,17,10,0,0,0
3/6/2020,32153000,7,13,3,0,3/13/2020,7,3/13/2020,3,7,18,15,11,78,24,77,12,12,12,76,17,10,0,0,0
3/9/2020,26994000,6,13,2,0,3/14/2020,5,3/14/2020,3,7,18,15,11,78,24,77,12,12,12,76,17,10,0,0,0
3/10/2020,30019000,7,13,3,0,3/16/2020,6,3/16/2020,3,7,18,15,11,78,24,77,12,12,12,76,17,10,0,0,0
3/11/2020,27621000,6,13,2,0,6/6/2020,87,6/6/2020,3,7,18,15,11,78,24,77,12,12,12,76,17,10,0,0,0
3/12/2020,25410000,5,13,2,0,3/20/2020,8,3/20/2020,3,7,18,15,11,78,24,77,12,12,12,76,17,10,0,0,0
3/13/2020,18359000,4,13,1,0,3/21/2020,8,3/21/2020,3,7,18,15,11,78,24,77,12,12,12,76,17,10,0,0,0
3/16/2020,16049000,4,13,1,0,3/23/2020,7,3/23/2020,3,7,18,15,11,78,24,77,12,12,12,76,17,10,0,0,0
3/17/2020,31889000,8,13,3,0,6/11/2020,86,6/11/2020,3,7,18,15,11,78,24,77,12,12,12,76,17,10,0,0,0
3/18/2020,20449000,5,13,2,0,6/13/2020,87,6/13/2020,3,7,18,15,11,78,24,77,12,12,12,76,17,10,0,0,0
3/19/2020,16434000,4,13,1,0,3/27/2020,8,3/27/2020,3,7,18,15,11,78,24,77,12,12,12,76,17,10,0,0,0
3/20/2020,17237000,4,13,1,0,6/7/2020,79,6/7/2020,3,7,18,15,11,78,24,77,12,12,12,76,17,10,0,0,0
3/23/2020,29183000,6,13,2,0,5/14/2020,52,5/14/2020,3,7,18,15,11,78,24,77,12,12,12,76,17,10,0,0,0
3/24/2020,48213000,11,13,4,0,6/9/2020,77,6/9/2020,3,7,18,15,11,78,24,77,12,12,12,76,17,10,0,0,0
3/25/2020,98923000,20,13,9,0,3/31/2020,6,3/31/2020,3,7,18,15,11,78,24,77,12,12,12,76,17,10,0,0,0
3/26/2020,48103000,11,13,4,0,6/10/2020,76,6/10/2020,3,7,18,15,11,78,24,77,12,12,12,76,17,10,0,0,0
3/27/2020,40777000,10,13,4,0,5/11/2020,45,5/11/2020,3,7,18,15,11,78,24,77,12,12,12,76,17,10,0,0,0
3/30/2020,30998000,8,13,3,0,4/26/2020,27,4/26/2020,3,7,18,15,11,78,24,77,12,12,12,76,17,10,0,0,0
3/31/2020,32098000,8,13,3,0,10/16/2021,564,10/16/2021,3,7,18,15,11,78,24,77,12,12,12,76,17,10,0,0,0
4/1/2020,31911000,8,13,3,0,4/27/2020,26,4/27/2020,3,7,18,15,11,78,24,77,12,12,12,76,17,10,0,0,0
4/2/2020,50875000,12,13,5,0,5/17/2020,45,5/17/2020,3,7,18,15,11,78,24,77,12,12,12,76,17,10,0,0,0
4/3/2020,11275000,4,13,1,0,4/4/2020,1,4/4/2020,3,7,18,15,11,78,24,77,12,12,12,76,17,10,0,0,0
4/6/2020,12265000,4,13,1,0,5/7/2020,31,5/7/2020,3,7,18,15,11,78,24,77,12,12,12,76,17,10,0,0,0
4/7/2020,12243000,4,13,1,0,4/11/2020,4,4/11/2020,3,7,18,15,11,78,24,77,12,12,12,76,17,10,0,0,0
4/8/2020,19800000,5,13,1,0,4/22/2020,14,4/22/2020,3,7,18,15,11,78,24,77,12,12,12,76,17,10,0,0,0
4/9/2020,20339000,6,13,2,0,4/14/2020,5,4/16/2020,3,7,18,15,11,78,24,77,12,12,12,76,17,10,0,0,0
4/10/2020,14938000,4,13,1,0,4/25/2020,15,4/27/2020,3,7,18,15,11,78,24,77,12,12,12,76,17,10,0,0,0
4/13/2020,21934000,6,13,2,0,4/29/2020,16,5/1/2020,3,7,18,15,11,78,24,77,12,12,12,76,17,10,0,0,0
4/14/2020,16434000,5,13,1,0,5/9/2020,25,5/11/2020,3,7,18,15,11,78,24,77,12,12,12,76,17,10,0,0,0
4/15/2020,16489000,5,13,1,0,4/21/2020,6,4/23/2020,3,7,18,15,11,78,24,77,12,12,12,76,17,10,0,0,0
4/16/2020,17237000,5,13,1,0,4/27/2020,11,4/27/2020,3,7,18,15,11,78,24,77,12,12,12,76,17,10,0,0,0
4/17/2020,17182000,5,13,1,0,4/29/2020,12,4/29/2020,3,7,18,15,11,78,24,77,12,12,12,76,17,10,0,0,0
4/20/2020,26510000,7,13,2,0,5/3/2020,13,5/3/2020,3,7,18,15,11,78,24,77,12,12,12,76,17,10,0,0,0
4/21/2020,32263000,8,13,3,0,5/5/2020,14,5/5/2020,3,7,18,15,11,78,24,77,12,12,12,76,17,10,0,0,0
4/22/2020,30503000,8,13,3,0,5/7/2020,15,5/7/2020,3,7,18,15,11,78,24,77,12,12,12,76,17,10,0,0,0
4/23/2020,30866000,8,13,3,0,5/9/2020,16,5/9/2020,3,7,18,15,11,78,24,77,12,12,12,76,17,10,0,0,0
4/24/2020,31581000,8,13,3,0,5/11/2020,17,5/11/2020,3,7,18,15,11,78,24,77,12,12,12,76,17,10,0,0,0
4/27/2020,28952000,7,13,2,0,5/18/2020,21,5/18/2020,3,7,18,15,11,78,24,77,12,12,12,76,17,10,0,0,0
4/28/2020,29040000,7,13,2,0,5/20/2020,22,5/20/2020,3,7,18,15,11,78,24,77,12,12,12,76,17,10,0,0,0
4/29/2020,48433000,11,13,4,0,5/22/2020,23,5/22/2020,3,7,18,15,11,78,24,77,12,12,12,76,17,10,0,0,0
4/30/2020,40854000,10,13,4,0,5/24/2020,24,5/24/2020,3,7,18,15,11,78,24,77,12,12,12,76,17,10,0,0,0
5/1/2020,47344000,11,13,4,0,5/26/2020,25,5/26/2020,3,7,18,15,11,78,24,77,12,12,12,76,17,10,0,0,0
5/4/2020,39941000,9,13,3,0,5/30/2020,26,5/30/2020,3,7,18,15,11,78,24,77,12,12,12,76,17,10,0,0,0
5/5/2020,22770000,6,13,2,0,6/1/2020,27,6/1/2020,3,7,18,15,11,78,24,77,12,12,12,76,17,10,0,0,0
5/6/2020,25905000,6,13,2,0,6/3/2020,28,6/3/2020,3,7,18,15,11,78,24,77,12,12,12,76,17,10,0,0,0
5/7/2020,32450000,7,13,3,0,5/18/2020,11,5/18/2020,3,7,18,15,11,78,24,77,12,12,12,76,17,10,0,0,0
5/8/2020,40953000,10,13,4,0,5/20/2020,12,5/20/2020,3,7,18,15,11,78,24,77,12,12,12,76,17,10,0,0,0
5/11/2020,42570000,10,13,4,0,5/24/2020,13,5/24/2020,3,7,18,15,11,78,24,77,12,12,12,76,17,10,0,0,0
5/12/2020,43219000,10,13,4,0,5/26/2020,14,5/26/2020,3,7,18,15,11,78,24,77,12,12,12,76,17,10,0,0,0
5/13/2020,47960000,11,13,4,0,5/28/2020,15,5/28/2020,3,7,18,15,11,78,24,77,12,12,12,76,17,10,0,0,0
5/14/2020,42394000,10,13,4,0,5/30/2020,16,5/30/2020,3,7,18,15,11,78,24,77,12,12,12,76,17,10,0,0,0
5/15/2020,41316000,10,13,4,0,6/1/2020,17,6/1/2020,3,7,18,15,11,78,24,77,12,12,12,76,17,10,0,0,0
5/18/2020,41690000,10,13,4,0,6/5/2020,18,6/5/2020,3,7,18,15,11,78,24,77,12,12,12,76,17,10,0,0,0
5/19/2020,56375000,13,13,5,0,6/7/2020,19,6/7/2020,3,7,18,15,11,78,24,77,12,12,12,76,17,10,0,0,0
5/20/2020,56364000,13,13,5,0,6/9/2020,20,6/9/2020,3,7,18,15,11,78,24,77,12,12,12,76,17,10,0,0,0
5/21/2020,57365000,13,13,5,0,6/21/2020,31,6/21/2020,3,7,18,15,11,78,24,77,12,12,12,76,17,10,0,0,0
5/22/2020,58432000,13,13,5,0,6/23/2020,32,6/23/2020,3,7,18,15,11,78,24,77,12,12,12,76,17,10,0,0,0
5/25/2020,44891000,11,13,4,0,6/27/2020,33,6/27/2020,3,7,18,15,11,78,24,77,12,12,12,76,17,10,0,0,0
5/26/2020,29282000,7,13,2,0,6/29/2020,34,6/29/2020,3,7,18,15,11,78,24,77,12,12,12,76,17,10,0,0,0
5/27/2020,23738000,6,13,2,0,7/1/2020,35,7/1/2020,3,7,18,15,11,78,24,77,12,12,12,76,17,10,0,0,0
5/28/2020,28567000,7,13,2,0,7/3/2020,36,7/3/2020,3,7,18,15,11,78,24,77,12,12,12,76,17,10,0,0,0
5/29/2020,143528000,23,13,14,0,7/5/2020,37,7/5/2020,3,7,18,15,11,78,24,77,12,12,12,76,17,10,0,0,0
6/1/2020,17776000,5,13,1,0,7/9/2020,38,7/9/2020,3,7,18,15,11,78,24,77,12,12,12,76,17,10,0,0,0
6/2/2020,29425000,7,13,2,0,7/11/2020,39,7/11/2020,3,7,18,15,11,78,24,77,12,12,12,76,17,10,0,0,0
6/3/2020,18612000,5,13,1,0,7/13/2020,40,7/13/2020,3,7,18,15,11,78,24,77,12,12,12,76,17,10,0,0,0
6/4/2020,31636000,8,13,3,0,7/15/2020,41,7/15/2020,3,7,18,15,11,78,24,77,12,12,12,76,17,10,0,0,0
6/5/2020,44286000,10,13,4,0,7/17/2020,42,7/17/2020,3,7,18,15,11,78,24,77,12,12,12,76,17,10,0,0,0
6/8/2020,27610000,7,13,2,0,7/12/2020,34,7/12/2020,3,7,18,15,11,78,24,77,12,12,12,76,17,10,0,0,0
6/9/2020,27962000,7,13,2,0,6/20/2020,11,6/20/2020,3,7,18,15,11,78,24,77,12,12,12,76,17,10,0,0,0
6/10/2020,48510000,11,13,4,0,7/14/2020,34,7/14/2020,3,7,18,15,11,78,24,77,12,12,12,76,17,10,0,0,0
6/11/2020,34430000,8,13,3,0,6/28/2020,17,6/28/2020,3,7,18,15,11,78,24,77,12,12,12,76,17,10,0,0,0
6/12/2020,34727000,8,13,3,0,6/25/2020,13,6/25/2020,3,7,18,15,11,78,24,77,12,12,12,76,17,10,0,0,0
